handleId,fieldType,name,description,productImageUrl,collection,sku,ribbon,price,surcharge,visible,discountMode,discountValue,inventory,weight,cost,productOptionName1,productOptionType1,productOptionDescription1,productOptionName2,productOptionType2,productOptionDescription2,productOptionName3,productOptionType3,productOptionDescription3,productOptionName4,productOptionType4,productOptionDescription4,productOptionName5,productOptionType5,productOptionDescription5,productOptionName6,productOptionType6,productOptionDescription6,additionalInfoTitle1,additionalInfoDescription1,additionalInfoTitle2,additionalInfoDescription2,additionalInfoTitle3,additionalInfoDescription3,additionalInfoTitle4,additionalInfoDescription4,additionalInfoTitle5,additionalInfoDescription5,additionalInfoTitle6,additionalInfoDescription6,customTextField1,customTextCharLimit1,customTextMandatory1,customTextField2,customTextCharLimit2,customTextMandatory2,brand
product_7acfa8eb-b68b-1de1-9900-c421bd85313d,Product,"Mexico, Chiapas","<p>** To fully experience all the wonderful flavor notes, this bean is roasted on the light/medium&nbsp;side&nbsp;**</p><p>(Weekly Roast day: Monday )</p><p>&nbsp;</p><p>Tasting Notes: Chocolate - Citrus&nbsp;- Sweet Caramel</p><p>&nbsp;</p><p>Country: Mexico</p><p>La Frailesca, Chiapas<br>Community:&nbsp;Montecristo de Guerrero<br>Producing Societies: Arte Divino Café<br>Dry Processing Mill: Duende</p><p>Altitude: 3937 - 4593 ft</p><p>Population:&nbsp; 832 People ( 96% Indigenous Cora )</p><p>Varieties: Bourbon, Typica, Marsellesa, Costa Rica, Oro Azteca, Márago, Caturra, Peñasco</p><p>Organic Certified</p><p>&nbsp;</p><p>Some more background info:&nbsp;<br>The Arte Divino cooperative was founded in 2020 after more than 10 years of working with organizations like INIFAP to develop sustainable practices that benefit both the community and the environment. Their goal was to improve coffee commercialization and qualify for government and NGO support. However, not all objectives were met until Erwing Iturbe, founder of Arte Divino Café, joined. His company has focused on managing and promoting coffee sales, leading to better incomes for farming families. Arte Divino is a Chiapas-based company working closely with coffee producers and their families, dedicated to sustainable, high-quality coffee with exceptional flavor. Their philosophy is rooted in direct trade, economic transparency, equity, and environmental respect, using controlled shade farming and organic practices while ensuring quality and traceability in line with Specialty Coffee Association (SCA) standards.</p>",d59a0c_bc09e61419dc42cfb1731f993190cd78~mv2.webp;d59a0c_e5ce9fa8b72942b7b7e2423e36744b05~mv2.png;d59a0c_c37aad2ccc674f609de9fb60eaf92bb2~mv2.jpeg,Coffee Beans,,New Arrival,22.0,,true,PERCENT,0.0,InStock,,,Type,DROP_DOWN,Whole Bean;Ground,Size,DROP_DOWN,10 oz;16 oz;5 lbs (11%Savings),,,,,,,,,,,,,,,,,,,,,,,,,,,,,,,
product_7acfa8eb-b68b-1de1-9900-c421bd85313d,Variant,,,,,,,,,true,,,InStock,,,,,Ground,,,10 oz,,,,,,,,,,,,,,,,,,,,,,,,,,,,,,,
product_7acfa8eb-b68b-1de1-9900-c421bd85313d,Variant,,,,,,,,13.2,true,,,InStock,,,,,Whole Bean,,,16 oz,,,,,,,,,,,,,,,,,,,,,,,,,,,,,,,
product_7acfa8eb-b68b-1de1-9900-c421bd85313d,Variant,,,,,,,,13.2,true,,,InStock,,,,,Ground,,,16 oz,,,,,,,,,,,,,,,,,,,,,,,,,,,,,,,
product_7acfa8eb-b68b-1de1-9900-c421bd85313d,Variant,,,,,,,,87.2,false,,,InStock,,,,,Ground,,,5 lbs (11%Savings),,,,,,,,,,,,,,,,,,,,,,,,,,,,,,,
product_7acfa8eb-b68b-1de1-9900-c421bd85313d,Variant,,,,,,,,134.0,true,,,InStock,,,,,Whole Bean,,,5 lbs (11%Savings),,,,,,,,,,,,,,,,,,,,,,,,,,,,,,,
product_7acfa8eb-b68b-1de1-9900-c421bd85313d,Variant,,,,,,,,,true,,,InStock,,,,,Whole Bean,,,10 oz,,,,,,,,,,,,,,,,,,,,,,,,,,,,,,,
product_559fcc9f-7f98-da1b-3615-da0ac7b62dcb,Product,"Mexico, Presidio","<p>** To fully experience all the wonderful flavor notes, this bean is roasted on the lighter&nbsp;side&nbsp;**</p><p>(Weekly Roast day: Monday )</p><p>&nbsp;</p><p>Tasting Notes: Chocolate - Nutty - Sweet Cream</p><p>&nbsp;</p><p>Country: Mexico</p><p>State: Nayarit<br>Community:&nbsp;Presidio&nbsp;de los Reyes<br>Producing Societies: CUERNO<br>Wet Processing Mills: Banco Colorado, Guajolote, Sombrero, and Tempizque<br>Dry Processing Mill: Duende</p><p>Altitude: 2601 Feet</p><p>Population:&nbsp; 832 People ( 96% Indigenous Cora )</p><p>Varieties: 60% Catuai, 15% Caturra, 25% Typica.&nbsp;</p><p>Organic Certified</p><p>Shade Grown, Smithsonian Bird Friendly Certification&nbsp;</p><p>&nbsp;</p><p>Some more background info:&nbsp;<br><br>The coffee of&nbsp;Presidio&nbsp;de los Reyes is cultivated in small patches (parcelas) in the forest, which are typically just a few hectares. ""Tierras de uso común"" is the designation under Mexico's agrian laws. No individual member can sell or privatize their portion of the land, as it is meant to remain a shared resource for the community. There are about 20 producers in total, who make up the CUERNO Society. They are all members of the indigenous Cora people, with the older generation speaking very little Spanish.&nbsp;<br><br>There are five small wet mills used by these farmers: Sobrero, Guajolote, Tempizque, Banco Colorado I, and Banco Colorado II. Each mill has a small pulper and raised drying beds. From the wet mills, the parchment is packed on mules down to a local bodega in town, managed by Sr. Diego. From Diego's warehouse, it's trucked to the El Duende Dry Mill in Compostela for processing and container stuffing. And then... voila!&nbsp;</p>",d59a0c_bd0632d1d7f94646bd58a86e7af90d80~mv2.jpg;d59a0c_9aa99c2141f542728824ae51431c0085~mv2.jpg;d59a0c_bd805bde73644373979ef61646109fd4~mv2.jpg;d59a0c_79be7070c5f741e0acfeb532d28e66f4~mv2.jpg,Coffee Beans,,Light Roast,18.0,,true,PERCENT,0.0,InStock,,,Type,DROP_DOWN,Whole Bean;Ground,Size,DROP_DOWN,10 oz;16 oz;5 lbs (11%Savings),,,,,,,,,,,,,,,,,,,,,,,,,,,,,,,
product_559fcc9f-7f98-da1b-3615-da0ac7b62dcb,Variant,,,,,,,,,true,,,InStock,,,,,Whole Bean,,,10 oz,,,,,,,,,,,,,,,,,,,,,,,,,,,,,,,
product_559fcc9f-7f98-da1b-3615-da0ac7b62dcb,Variant,,,,,,,,110.0,true,,,InStock,,,,,Whole Bean,,,5 lbs (11%Savings),,,,,,,,,,,,,,,,,,,,,,,,,,,,,,,
product_559fcc9f-7f98-da1b-3615-da0ac7b62dcb,Variant,,,,,,,,87.2,false,,,InStock,,,,,Ground,,,5 lbs (11%Savings),,,,,,,,,,,,,,,,,,,,,,,,,,,,,,,
product_559fcc9f-7f98-da1b-3615-da0ac7b62dcb,Variant,,,,,,,,10.8,true,,,InStock,,,,,Ground,,,16 oz,,,,,,,,,,,,,,,,,,,,,,,,,,,,,,,
product_559fcc9f-7f98-da1b-3615-da0ac7b62dcb,Variant,,,,,,,,,true,,,InStock,,,,,Ground,,,10 oz,,,,,,,,,,,,,,,,,,,,,,,,,,,,,,,
product_559fcc9f-7f98-da1b-3615-da0ac7b62dcb,Variant,,,,,,,,10.8,true,,,InStock,,,,,Whole Bean,,,16 oz,,,,,,,,,,,,,,,,,,,,,,,,,,,,,,,
product_89db1353-57c6-55c5-d318-c6686af0aee0,Product,Guatemala FTO Honey Joyabaj Tres Cruces,"<p>** To fully experience all the wonderful flavor notes we roast this as a&nbsp;Light a&nbsp;Roast** &nbsp;</p><p>(Weekly Roast day: Monday )</p><p>&nbsp;</p><p>Certifications: &nbsp;FLO&nbsp;Fair Trade Certified, Organic Certified</p><p>Tasting Notes: Blackberry,&nbsp;Chocolate, Black Plum, Tart Cherry</p><p>&nbsp;</p><p>Origin: Guatemala</p><p>- - - - - - - - - - - - - - - - - - - - -&nbsp;</p><p>Region: &nbsp;Joyabaj, Quiche</p><p>Producer: Small Holder Farmers</p><p>Processing: Honey Procesed</p><p>Growing Altitude: 1500m - 1900m</p><p>Plant Species: &nbsp;Arabica</p><p>Variety: &nbsp;Bourbon, Catuai, Caturra</p><p>&nbsp;</p><p>&nbsp;</p><p>&nbsp;</p><p>&nbsp;</p>",d59a0c_fea5fdd6a8a24cfba064e753b7bfed49~mv2.webp;d59a0c_8535a82db60b4faaba0cdf6d575a1583~mv2_d_2623_2623_s_4_2.jpg,Coffee Beans,,,18.25,,false,PERCENT,0.0,InStock,,,Roast,DROP_DOWN,Light,Type,DROP_DOWN,Whole Bean;Ground,Size,DROP_DOWN,10 oz;16 oz;5 lbs (11%Savings),,,,,,,,,,,,,,,,,,,,,,,,,,,,
product_89db1353-57c6-55c5-d318-c6686af0aee0,Variant,,,,,,,,111.5,true,,,InStock,5.0,,,,Light,,,Ground,,,5 lbs (11%Savings),,,,,,,,,,,,,,,,,,,,,,,,,,,,
product_89db1353-57c6-55c5-d318-c6686af0aee0,Variant,,,,,,,,10.75,true,,,InStock,1.0,,,,Light,,,Whole Bean,,,16 oz,,,,,,,,,,,,,,,,,,,,,,,,,,,,
product_89db1353-57c6-55c5-d318-c6686af0aee0,Variant,,,,,,,,,true,,,InStock,0.625,,,,Light,,,Whole Bean,,,10 oz,,,,,,,,,,,,,,,,,,,,,,,,,,,,
product_89db1353-57c6-55c5-d318-c6686af0aee0,Variant,,,,,,,,10.75,true,,,InStock,1.0,,,,Light,,,Ground,,,16 oz,,,,,,,,,,,,,,,,,,,,,,,,,,,,
product_89db1353-57c6-55c5-d318-c6686af0aee0,Variant,,,,,,,,111.5,true,,,InStock,5.0,,,,Light,,,Whole Bean,,,5 lbs (11%Savings),,,,,,,,,,,,,,,,,,,,,,,,,,,,
product_89db1353-57c6-55c5-d318-c6686af0aee0,Variant,,,,,,,,,true,,,InStock,0.625,,,,Light,,,Ground,,,10 oz,,,,,,,,,,,,,,,,,,,,,,,,,,,,
product_d0ea9877-0b0d-874a-799d-ee950c2c61a9,Product,"Guatemala, Flor De Cafe","<p>** Experience all the wonderful flavor notes roasted as a Light,  Medium or Vader ( Dark Roast )**</p><p>(Weekly Roast day: Monday )</p><p>&nbsp;</p><p>Our House Bean we use for our Espresso and Nitro Cold Brew (Medium Roast)</p><p>&nbsp;</p><p>Certifications: Fair Trade USA, Organic USDA</p><p>Tasting Notes: Milk Chocolate, Caramel, Citrus</p><p>&nbsp;</p><p>&nbsp;</p><p>Origin: Guatemala</p><p>Region: Hueheutenango</p><p>- - - - - - - - - - - - - - - - - - - - - - - - - - - - - - </p><p>Processing: Fully washed</p><p>Coffee Grade: SHB</p><p>Variety: Bourbon, Caturra</p><p>Growing Altitude: 1550</p>",d59a0c_436cb34eaee2461ab9ec8a36069b428e~mv2.webp;d59a0c_8535a82db60b4faaba0cdf6d575a1583~mv2_d_2623_2623_s_4_2.jpg,Coffee Beans,,,20.0,,true,PERCENT,0.0,InStock,,,Roast,DROP_DOWN,Light;Medium;Vader ( Dark Roast ),Type,DROP_DOWN,Whole Bean;Ground,Size,DROP_DOWN,10 oz;16 oz;5 lbs (11%Savings),,,,,,,,,,,,,,,,,,,,,,,,,,,,
product_d0ea9877-0b0d-874a-799d-ee950c2c61a9,Variant,,,,,,,,,true,,,InStock,0.625,,,,Medium,,,Ground,,,10 oz,,,,,,,,,,,,,,,,,,,,,,,,,,,,
product_d0ea9877-0b0d-874a-799d-ee950c2c61a9,Variant,,,,,,,,12.0,true,,,InStock,1.0,,,,Light,,,Ground,,,16 oz,,,,,,,,,,,,,,,,,,,,,,,,,,,,
product_d0ea9877-0b0d-874a-799d-ee950c2c61a9,Variant,,,,,,,,122.0,true,,,InStock,5.0,,,,Medium,,,Whole Bean,,,5 lbs (11%Savings),,,,,,,,,,,,,,,,,,,,,,,,,,,,
product_d0ea9877-0b0d-874a-799d-ee950c2c61a9,Variant,,,,,,,,,true,,,InStock,0.625,,,,Light,,,Ground,,,10 oz,,,,,,,,,,,,,,,,,,,,,,,,,,,,
product_d0ea9877-0b0d-874a-799d-ee950c2c61a9,Variant,,,,,,,,,true,,,InStock,,,,,Vader ( Dark Roast ),,,Ground,,,10 oz,,,,,,,,,,,,,,,,,,,,,,,,,,,,
product_d0ea9877-0b0d-874a-799d-ee950c2c61a9,Variant,,,,,,,,12.0,true,,,InStock,1.0,,,,Medium,,,Ground,,,16 oz,,,,,,,,,,,,,,,,,,,,,,,,,,,,
product_d0ea9877-0b0d-874a-799d-ee950c2c61a9,Variant,,,,,,,,122.0,true,,,InStock,5.0,,,,Light,,,Whole Bean,,,5 lbs (11%Savings),,,,,,,,,,,,,,,,,,,,,,,,,,,,
product_d0ea9877-0b0d-874a-799d-ee950c2c61a9,Variant,,,,,,,,,false,,,InStock,,,,,Light,,,Ground,,,5 lbs (11%Savings),,,,,,,,,,,,,,,,,,,,,,,,,,,,
product_d0ea9877-0b0d-874a-799d-ee950c2c61a9,Variant,,,,,,,,12.0,true,,,InStock,1.0,,,,Light,,,Whole Bean,,,16 oz,,,,,,,,,,,,,,,,,,,,,,,,,,,,
product_d0ea9877-0b0d-874a-799d-ee950c2c61a9,Variant,,,,,,,,122.0,true,,,InStock,,,,,Vader ( Dark Roast ),,,Whole Bean,,,5 lbs (11%Savings),,,,,,,,,,,,,,,,,,,,,,,,,,,,
product_d0ea9877-0b0d-874a-799d-ee950c2c61a9,Variant,,,,,,,,,true,,,InStock,0.625,,,,Medium,,,Whole Bean,,,10 oz,,,,,,,,,,,,,,,,,,,,,,,,,,,,
product_d0ea9877-0b0d-874a-799d-ee950c2c61a9,Variant,,,,,,,,12.0,true,,,InStock,1.0,,,,Medium,,,Whole Bean,,,16 oz,,,,,,,,,,,,,,,,,,,,,,,,,,,,
product_d0ea9877-0b0d-874a-799d-ee950c2c61a9,Variant,,,,,,,,,false,,,InStock,,,,,Medium,,,Ground,,,5 lbs (11%Savings),,,,,,,,,,,,,,,,,,,,,,,,,,,,
product_d0ea9877-0b0d-874a-799d-ee950c2c61a9,Variant,,,,,,,,,true,,,InStock,0.625,,,,Light,,,Whole Bean,,,10 oz,,,,,,,,,,,,,,,,,,,,,,,,,,,,
product_d0ea9877-0b0d-874a-799d-ee950c2c61a9,Variant,,,,,,,,,false,,,InStock,,,,,Vader ( Dark Roast ),,,Ground,,,5 lbs (11%Savings),,,,,,,,,,,,,,,,,,,,,,,,,,,,
product_d0ea9877-0b0d-874a-799d-ee950c2c61a9,Variant,,,,,,,,12.0,true,,,InStock,,,,,Vader ( Dark Roast ),,,Ground,,,16 oz,,,,,,,,,,,,,,,,,,,,,,,,,,,,
product_d0ea9877-0b0d-874a-799d-ee950c2c61a9,Variant,,,,,,,,,true,,,InStock,,,,,Vader ( Dark Roast ),,,Whole Bean,,,10 oz,,,,,,,,,,,,,,,,,,,,,,,,,,,,
product_d0ea9877-0b0d-874a-799d-ee950c2c61a9,Variant,,,,,,,,12.0,true,,,InStock,,,,,Vader ( Dark Roast ),,,Whole Bean,,,16 oz,,,,,,,,,,,,,,,,,,,,,,,,,,,,
product_3faeccc8-f35c-7eee-eabe-7fe576229dc4,Product,Barrel Aged Coffee Beans,"<p>&nbsp;- - SPECIAL LIMITED RELEASE - - Super Stoked for&nbsp;another Barrel Aged coffee collaboration, this time&nbsp;with&nbsp;our friends over at Clandestine Brewing ( San Jose Ca )! &nbsp;&nbsp;It's&nbsp;our favorite Guatemala Cimarron, patiently&nbsp;aged in a&nbsp;Bourbon Barrel which also held a Stout ( Faceplant ) from Clandestine Brewing. &nbsp;Don't miss out on this one!</p><p>&nbsp;</p><p>This&nbsp;Barrel&nbsp;brings out a&nbsp;smooth and&nbsp;creamy, plum, fig, and nutmeg&nbsp;flavor profile,&nbsp;with some oak&nbsp;to finish it off.</p><p>&nbsp;</p><p>Thanks to our friends at Clandestine&nbsp;for the&nbsp;gorgeous Bourbon/Stout Barrel and their AMAZING Brews. Some of the BEST barrel aged Beers around!</p><p>&nbsp;</p><p>So many incredible aromas and flavors are&nbsp;brought out of the coffee bean during the barrel aging process. The coffee bean continues to amaze us with so many different flavor levels to unpack.&nbsp; We have LIMITED Batches available, so order yours TODAY!</p><p>&nbsp;</p><p>(Weekly Roast days: Monday &amp; Thursday)</p><p>&nbsp;</p><p>Certifications:&nbsp;Organic USDA, Organic Canada</p><p>Aroma: &nbsp;Dark Berries, Sweet, Barrel</p><p>Tasting Notes:&nbsp;Oak, Plum, Fig, Nutmeg</p><p>&nbsp;</p><p>Origin: Guatemala</p><p>Origin: Guatemala</p><p>Origin: Guatemala</p><p>Region: Hueheutenango</p><p>- - - - - - - - - - - - - - - - - - - - - - - - - - - - - -&nbsp;</p><p>Producer: Asopce</p><p>Processing: Fully washed</p><p>Coffee Grade: SHB</p><p>Variety: Bourbon, Caturra</p><p>Growing Altitude:&nbsp;1900+</p><p>Cupping score: 86</p><p>======================</p><p>&nbsp;</p><p>&nbsp;</p><p>&nbsp;</p>",d59a0c_8f5f843a8fdc450dab2ac6df7491a290~mv2.jpg,Coffee Beans,,Special Release,23.0,,false,PERCENT,0.0,InStock,,,Type,DROP_DOWN,Whole Bean;Ground,Size,DROP_DOWN,10 oz,,,,,,,,,,,,,,,,,,,,,,,,,,,,,,,
product_3faeccc8-f35c-7eee-eabe-7fe576229dc4,Variant,,,,,,,,,true,,,InStock,0.625,,,,Whole Bean,,,10 oz,,,,,,,,,,,,,,,,,,,,,,,,,,,,,,,
product_3faeccc8-f35c-7eee-eabe-7fe576229dc4,Variant,,,,,,,,,true,,,InStock,0.625,,,,Ground,,,10 oz,,,,,,,,,,,,,,,,,,,,,,,,,,,,,,,
product_83575a9b-aeca-6437-89c1-1072303d9a32,Product,"Peru, Chontali","<p>** To fully experience all the wonderful flavor notes we roast&nbsp;this as a Light &nbsp;Roast **</p><p>(Weekly Roast day: Monday )</p><p>&nbsp;</p><p>Certifications: Fair Trade, Organic</p><p>Tasting Notes: Rasberry, Red Flame Grape, Almond Honey</p><p>&nbsp;</p><p>Origin: Peru</p><p>Region: Chontali, Jaen, Cajamarca</p><p>- - - - - - - - - - - - - - - - - - - - - - - - -&nbsp;</p><p>Plant Species: Arabica</p><p>Processing: Washed</p><p>Coffee Grade: &nbsp;PER CA WA SHB MCM G1</p><p>Variety: Caturra, Bourbon, Catimor,&nbsp;Pache</p><p>Growing Altitude: &gt;1700m</p><p>Top Lots: Highest Scoring Spots</p><p>&nbsp;</p><p>&nbsp;</p>",d59a0c_a7c714bb2bf94d709e3ebd19647feac6~mv2.jpg;d59a0c_8535a82db60b4faaba0cdf6d575a1583~mv2_d_2623_2623_s_4_2.jpg;d59a0c_a5abb6813c784c2eac52c93a39cad4cf~mv2_d_2250_1500_s_2.jpg,Coffee Beans,,,17.0,,false,PERCENT,0.0,InStock,,,Type,DROP_DOWN,Whole Bean;Ground,Size,DROP_DOWN,10 oz;16 oz;5 lbs (11%Savings),,,,,,,,,,,,,,,,,,,,,,,,,,,,,,,
product_83575a9b-aeca-6437-89c1-1072303d9a32,Variant,,,,,,,,,false,,,InStock,,,,,Ground,,,10 oz,,,,,,,,,,,,,,,,,,,,,,,,,,,,,,,
product_83575a9b-aeca-6437-89c1-1072303d9a32,Variant,,,,,,,,104.0,true,,,InStock,,,,,Whole Bean,,,5 lbs (11%Savings),,,,,,,,,,,,,,,,,,,,,,,,,,,,,,,
product_83575a9b-aeca-6437-89c1-1072303d9a32,Variant,,,,,,,,10.2,true,,,InStock,,,,,Ground,,,16 oz,,,,,,,,,,,,,,,,,,,,,,,,,,,,,,,
product_83575a9b-aeca-6437-89c1-1072303d9a32,Variant,,,,,,,,,false,,,InStock,,,,,Whole Bean,,,10 oz,,,,,,,,,,,,,,,,,,,,,,,,,,,,,,,
product_83575a9b-aeca-6437-89c1-1072303d9a32,Variant,,,,,,,,104.0,true,,,InStock,,,,,Ground,,,5 lbs (11%Savings),,,,,,,,,,,,,,,,,,,,,,,,,,,,,,,
product_83575a9b-aeca-6437-89c1-1072303d9a32,Variant,,,,,,,,10.2,true,,,InStock,,,,,Whole Bean,,,16 oz,,,,,,,,,,,,,,,,,,,,,,,,,,,,,,,
product_8bc17274-9cf6-903a-9665-fec169a5cc69,Product,"Peru,  Gallito De Las Rocas","<p>** To fully experience all the wonderful flavor notes we roast&nbsp;this as a Light &nbsp;Roast **</p><p>(Weekly Roast days: Monday &amp; Thursday)</p><p>&nbsp;</p><p>Certifications: Fair Trade, Organic</p><p>Tasting Notes: Fig,&nbsp;Chocolate, Toffee, Nougat</p><p>&nbsp;</p><p>Origin: Peru</p><p>Region: San Jose del Alto district, Jaen province</p><p>- - - - - - - - - - - - - - - - - - - - - - - - -&nbsp;</p><p>Plant Species: Arabica</p><p>Processing: Washed</p><p>Coffee Grade: &nbsp;PER CA WA SHB MCM G1</p><p>Variety: Caturra, Bourbon, Catimor, Catuai, Pache,&nbsp;Typica</p><p>Growing Altitude: 1500-1900m</p><p>Top Lots: Highest Scoring Spots</p><p>&nbsp;</p><p>&nbsp;</p>",d59a0c_7a2d6347658747379f65ad6484534e88~mv2.jpeg;d59a0c_a94878083caa4b2cb15f8b8b69dcea46~mv2.png;d59a0c_8535a82db60b4faaba0cdf6d575a1583~mv2_d_2623_2623_s_4_2.jpg;d59a0c_a5abb6813c784c2eac52c93a39cad4cf~mv2_d_2250_1500_s_2.jpg,Coffee Beans,,New Arrival,18.0,,false,PERCENT,0.0,InStock,,,Type,DROP_DOWN,Whole Bean;Ground,Size,DROP_DOWN,10 oz;16 oz;5 lbs (11%Savings),,,,,,,,,,,,,,,,,,,,,,,,,,,,,,,
product_8bc17274-9cf6-903a-9665-fec169a5cc69,Variant,,,,,,,,10.8,true,,,InStock,,,,,Whole Bean,,,16 oz,,,,,,,,,,,,,,,,,,,,,,,,,,,,,,,
product_8bc17274-9cf6-903a-9665-fec169a5cc69,Variant,,,,,,,,110.0,true,,,InStock,,,,,Whole Bean,,,5 lbs (11%Savings),,,,,,,,,,,,,,,,,,,,,,,,,,,,,,,
product_8bc17274-9cf6-903a-9665-fec169a5cc69,Variant,,,,,,,,,false,,,InStock,,,,,Whole Bean,,,10 oz,,,,,,,,,,,,,,,,,,,,,,,,,,,,,,,
product_8bc17274-9cf6-903a-9665-fec169a5cc69,Variant,,,,,,,,110.0,true,,,InStock,,,,,Ground,,,5 lbs (11%Savings),,,,,,,,,,,,,,,,,,,,,,,,,,,,,,,
product_8bc17274-9cf6-903a-9665-fec169a5cc69,Variant,,,,,,,,,false,,,InStock,,,,,Ground,,,10 oz,,,,,,,,,,,,,,,,,,,,,,,,,,,,,,,
product_8bc17274-9cf6-903a-9665-fec169a5cc69,Variant,,,,,,,,10.8,true,,,InStock,,,,,Ground,,,16 oz,,,,,,,,,,,,,,,,,,,,,,,,,,,,,,,
product_ac51a749-bf63-41f9-5b89-c3ac2ec77ba3,Product,"Mexico, Chiapas Tzeltal","<p>** To fully experience all the wonderful flavor notes, this bean is roasted on the Medium&nbsp;Dark&nbsp;side&nbsp;**</p><p>(Weekly Roast day: Monday )</p><p>&nbsp;</p><p>Certifications: Fair Trade, Organic</p><p>Tasting Notes:&nbsp;Almond, Golden Raisin, Bakers&nbsp;Chocolate, Black Tea</p><p>&nbsp;</p><p>Origin: Mexico</p><p>Co-Op: Cooperitava Tzeltal Tzotzil</p><p>- - - - - - - - - - - - - - - - - - - - - - - - - - - - - -&nbsp;</p><p>Region: Chiapas</p><p>Processing: Washed</p><p>Coffee Varieties: Bourbon, Mundo, Novo</p><p>Coffee Grade: MEX CA WA SHG</p>",d59a0c_ceeddd0d6d414ab2999c71b8c87f3ed4~mv2.webp;d59a0c_8535a82db60b4faaba0cdf6d575a1583~mv2_d_2623_2623_s_4_2.jpg,Coffee Beans,,,14.75,,false,PERCENT,0.0,InStock,,,Type,DROP_DOWN,Whole Bean;Ground,Size,DROP_DOWN,10 oz;16 oz;5 lbs (11%Savings),,,,,,,,,,,,,,,,,,,,,,,,,,,,,,,
product_ac51a749-bf63-41f9-5b89-c3ac2ec77ba3,Variant,,,,,,,,,false,,,InStock,,,,,Whole Bean,,,10 oz,,,,,,,,,,,,,,,,,,,,,,,,,,,,,,,
product_ac51a749-bf63-41f9-5b89-c3ac2ec77ba3,Variant,,,,,,,,8.85,true,,,InStock,,,,,Whole Bean,,,16 oz,,,,,,,,,,,,,,,,,,,,,,,,,,,,,,,
product_ac51a749-bf63-41f9-5b89-c3ac2ec77ba3,Variant,,,,,,,,,false,,,InStock,,,,,Ground,,,10 oz,,,,,,,,,,,,,,,,,,,,,,,,,,,,,,,
product_ac51a749-bf63-41f9-5b89-c3ac2ec77ba3,Variant,,,,,,,,8.85,true,,,InStock,,,,,Ground,,,16 oz,,,,,,,,,,,,,,,,,,,,,,,,,,,,,,,
product_ac51a749-bf63-41f9-5b89-c3ac2ec77ba3,Variant,,,,,,,,90.25,true,,,InStock,,,,,Whole Bean,,,5 lbs (11%Savings),,,,,,,,,,,,,,,,,,,,,,,,,,,,,,,
product_ac51a749-bf63-41f9-5b89-c3ac2ec77ba3,Variant,,,,,,,,90.25,true,,,InStock,,,,,Ground,,,5 lbs (11%Savings),,,,,,,,,,,,,,,,,,,,,,,,,,,,,,,
product_6c00d181-9541-b51b-5fce-c3e8f77e20c3,Product,"Mexico,Chiapas Yajalon","<p>** To fully experience all the wonderful flavor notes, this bean is roasted on the lighter&nbsp;side&nbsp;**</p><p>(Weekly Roast day: Monday )</p><p>&nbsp;</p><p>Certifications: Fair Trade, Organic</p><p>Tasting Notes: Toffee, Milk&nbsp;Chocolate, Sweet, Dry Pear</p><p>&nbsp;</p><p>Origin: Mexico</p><p>Region: Altos de Chiapas</p><p>- - - - - - - - - - - - - - - - - - - - - - - - - - - - - -&nbsp;</p><p>Processing: Washed</p><p>Coffee Varieties: Bourbon, Pacamara, Marsellesa</p><p>Coffee Grade: MEX CA WA HG</p>",d59a0c_42a70bdeb9954eb9b8eb18c38747bb0a~mv2.jpg;d59a0c_a5abb6813c784c2eac52c93a39cad4cf~mv2_d_2250_1500_s_2.jpg;d59a0c_8535a82db60b4faaba0cdf6d575a1583~mv2_d_2623_2623_s_4_2.jpg,Coffee Beans,,,14.25,,false,PERCENT,0.0,InStock,,,Type,DROP_DOWN,Whole Bean;Ground,Size,DROP_DOWN,10 oz;16 oz;5 lbs (11%Savings),,,,,,,,,,,,,,,,,,,,,,,,,,,,,,,
product_6c00d181-9541-b51b-5fce-c3e8f77e20c3,Variant,,,,,,,,,false,,,InStock,,,,,Ground,,,10 oz,,,,,,,,,,,,,,,,,,,,,,,,,,,,,,,
product_6c00d181-9541-b51b-5fce-c3e8f77e20c3,Variant,,,,,,,,8.55,true,,,InStock,,,,,Whole Bean,,,16 oz,,,,,,,,,,,,,,,,,,,,,,,,,,,,,,,
product_6c00d181-9541-b51b-5fce-c3e8f77e20c3,Variant,,,,,,,,8.55,true,,,InStock,,,,,Ground,,,16 oz,,,,,,,,,,,,,,,,,,,,,,,,,,,,,,,
product_6c00d181-9541-b51b-5fce-c3e8f77e20c3,Variant,,,,,,,,87.2,true,,,InStock,,,,,Ground,,,5 lbs (11%Savings),,,,,,,,,,,,,,,,,,,,,,,,,,,,,,,
product_6c00d181-9541-b51b-5fce-c3e8f77e20c3,Variant,,,,,,,,,false,,,InStock,,,,,Whole Bean,,,10 oz,,,,,,,,,,,,,,,,,,,,,,,,,,,,,,,
product_6c00d181-9541-b51b-5fce-c3e8f77e20c3,Variant,,,,,,,,87.2,true,,,InStock,,,,,Whole Bean,,,5 lbs (11%Savings),,,,,,,,,,,,,,,,,,,,,,,,,,,,,,,
product_01bf4644-7760-5b5d-ea7a-4710be23ad05,Product,Keep it Movin' Diner Mug,"<p>The Boast diner mug has finally arrived! &nbsp;The Keep it Movin' diner mug has been in the works for quite a while now, we just wanted to get it right.</p><p>&nbsp;</p><p>So Honored to work with one of our favorite mural artist, Gary Lee/Gary Draws Fish from Hawaii, who blessed us with the ""Coffee Bean Fish"", and the talented Alissa Rosete / Sup with the awesome typography.</p><p>&nbsp;</p><p>It's been a rough couple of years, but let's ""Keep it Movin'"" with the help of some Good Delicious Coffee and Good Company.</p><p>&nbsp;</p><p>- - - - - - - -</p><p>&nbsp;</p><p>Description - 10oz ceramic mug</p><p>&nbsp;</p><p>OR</p><p>&nbsp;</p><p>SAVE 20&nbsp;% ***Get the Combo pack and Save: New mug &amp; New Keep it Movin' Blend - 10oz&nbsp; or 16oz Coffee Bag&nbsp;***</p><p>&nbsp;</p><p>&nbsp;</p><p>&nbsp;</p>",d59a0c_b65d96018e884634b84a367ef55b4d44~mv2.png;d59a0c_77199e85b83940a6885f6a5ebc754014~mv2.png;d59a0c_a607e7f949cb47f193f4aac7a1d8dd0d~mv2.png;d59a0c_5bc2be4f66774b4490592f588c0d5e04~mv2.png;d59a0c_0100d9782ee34ea2adc24bfcee922591~mv2.jpg;d59a0c_8a27a9943e3543e382226a6293819b04~mv2.png,Swag,,,15.5,,true,PERCENT,0.0,0,,,Keep it Movin',DROP_DOWN,Diner Mug;Mug + 10oz Bag;Mug + 16oz Bag,,,,,,,,,,,,,,,,,,,,,,,,,,,,,,,,,,
product_01bf4644-7760-5b5d-ea7a-4710be23ad05,Variant,,,,,,,,,true,,,5,1.5,,,,Diner Mug,,,,,,,,,,,,,,,,,,,,,,,,,,,,,,,,,,
product_01bf4644-7760-5b5d-ea7a-4710be23ad05,Variant,,,,,,,,12.5,true,,,5,2.0,,,,Mug + 10oz Bag,,,,,,,,,,,,,,,,,,,,,,,,,,,,,,,,,,
product_01bf4644-7760-5b5d-ea7a-4710be23ad05,Variant,,,,,,,,22.5,true,,,5,3.0,,,,Mug + 16oz Bag,,,,,,,,,,,,,,,,,,,,,,,,,,,,,,,,,,
product_bfe00b30-a1df-89c5-c1ba-519503078f21,Product,Keep it Movin' Blend,"<p>Sometimes life throws us curveballs, but let's Keep it Movin' with some delicious coffee.</p><p>&nbsp;</p><p>Our new delicious Blend features  - Natural Peru Palto and Mexico Basilio (75% Peru + 25% Mexico)</p><p>&nbsp;</p><p>***Pick up our exclusive new Keep it Movin' diner mug to enjoy with this new blend - - Check out the Swag section***</p><p>- - - SAVE 20 % when you Get the Combo pack - - -</p><p>&nbsp;</p><p>** To fully experience all the wonderful flavor notes, we roast this blend on the lighter side**</p><p>&nbsp;</p><p>(Weekly Roast day: Monday )</p><p>&nbsp;</p><p>- - - - - - - - - - - - - - - - - - - - - - - - -</p><p>&nbsp;</p><p>Certifications: Fair Trade, Organic</p><p>Tasting Notes: Berry, Toffee, Citrus</p><p>&nbsp;</p><p>Origin: Guatemala Flor de Cafe &amp; Mexico Chiapas</p>",d59a0c_202db9f621394a209168dfe41f1f2489~mv2.jpg;d59a0c_b65d96018e884634b84a367ef55b4d44~mv2.png;d59a0c_8535a82db60b4faaba0cdf6d575a1583~mv2_d_2623_2623_s_4_2.jpg;d59a0c_a5abb6813c784c2eac52c93a39cad4cf~mv2_d_2250_1500_s_2.jpg,Coffee Beans,,,20.0,,true,PERCENT,0.0,InStock,,,Type,DROP_DOWN,Whole Bean;Ground,Size,DROP_DOWN,10 oz;16 oz;5 lbs (11%Savings),,,,,,,,,,,,,,,,,,,,,,,,,,,,,,,
product_bfe00b30-a1df-89c5-c1ba-519503078f21,Variant,,,,,,,,122.0,true,,,InStock,,,,,Whole Bean,,,5 lbs (11%Savings),,,,,,,,,,,,,,,,,,,,,,,,,,,,,,,
product_bfe00b30-a1df-89c5-c1ba-519503078f21,Variant,,,,,,,,,false,,,InStock,,,,,Ground,,,5 lbs (11%Savings),,,,,,,,,,,,,,,,,,,,,,,,,,,,,,,
product_bfe00b30-a1df-89c5-c1ba-519503078f21,Variant,,,,,,,,,true,,,InStock,,,,,Ground,,,10 oz,,,,,,,,,,,,,,,,,,,,,,,,,,,,,,,
product_bfe00b30-a1df-89c5-c1ba-519503078f21,Variant,,,,,,,,12.0,true,,,InStock,,,,,Ground,,,16 oz,,,,,,,,,,,,,,,,,,,,,,,,,,,,,,,
product_bfe00b30-a1df-89c5-c1ba-519503078f21,Variant,,,,,,,,,true,,,InStock,,,,,Whole Bean,,,10 oz,,,,,,,,,,,,,,,,,,,,,,,,,,,,,,,
product_bfe00b30-a1df-89c5-c1ba-519503078f21,Variant,,,,,,,,12.0,true,,,InStock,,,,,Whole Bean,,,16 oz,,,,,,,,,,,,,,,,,,,,,,,,,,,,,,,
product_46a5e651-8d5d-d38a-c6fe-16c9cae836c9,Product,Apple Brandy Barrel Aged Coffee Beans,"<p>&nbsp;- - SPECIAL LIMITED RELEASE - - Super Stoked for&nbsp;another Barrel Aged coffee collaboration, this time&nbsp;with&nbsp;our friends over at Almanac Brewing (Alameda, CA)! &nbsp;&nbsp;It's&nbsp;the perfect combination of our favorite Guatemala Cimarron and Guatemala Ayarza Washed Coffee, patiently&nbsp;aged in an Apple Brandy Barrel which also held a Stout from Almanac Brewing. &nbsp;Don't miss out on this one!</p><p>&nbsp;</p><p>The&nbsp;Apple Brandy Barrel&nbsp;brings a&nbsp;smooth, creamy, chocolate covered apple flavor profile,&nbsp;with baking spices to finish it off.</p><p>&nbsp;</p><p>Thanks to our friends at Almanac Brewing and Brewmaster Phil&nbsp;for the gorgeous Apple Brandy Barrel and their AMAZING Brews. Some of the BEST barrel aged Beers around!</p><p>&nbsp;</p><p>So many incredible aromas and flavors are&nbsp;brought out of the coffee bean during the barrel aging process. The coffee bean continues to amaze us with so many different flavor levels to unpack.&nbsp; We have LIMITED Batches available, so order yours TODAY!</p><p>&nbsp;</p><p>(Weekly Roast days: Monday &amp; Thursday)</p><p>&nbsp;</p><p>Certifications: Fair Trade USA, Organic USDA</p><p>Aroma: &nbsp;Chocolate,&nbsp;Baking Spices, Sweetness</p><p>Tasting Notes:&nbsp;Chocolate Covered Apple, Baking Spices</p><p>&nbsp;</p><p>Origin: Guatemala</p><p>Region: Acatenango, San Martin Jilotepeque, Coban and Atitlan</p><p>- - - - - - - - - - - - - - - - - - - - - - - - - - - - - -&nbsp;</p><p>Producer: Asproguate&nbsp;</p><p>Processing: Fully washed</p><p>Coffee Grade: SHB</p><p>Variety: Bourbon, Caturra</p><p>Growing Altitude:&nbsp;1900+</p><p>Cupping score: 85</p><p>======================</p><p>Origin: Guatemala</p><ul>	<li>	<p>Region - Laguna De Ayarza</p>	</li></ul><p>- - - - - - - - - - - - - - - - - - - - -&nbsp;</p><p>Producer:&nbsp;Cooperativa El Porvenir</p><p>Processing:&nbsp;Washed&nbsp;</p><p>Coffee Grade: SHB</p><p>Variety: Bourbon, Caturra,&nbsp;and Typica</p><p>Growing Altitude 1800</p><p>Top Lots: Highest Scoring Spots</p><p>&nbsp;</p><p>&nbsp;</p>",d59a0c_4e32c09396f04a41ae432cc22a8ae7ce~mv2.png;d59a0c_71e2e30bfbe14385b4cc988244a1d808~mv2.jpg;d59a0c_2200c9be9668481cbad33e784361a0db~mv2.jpg,Coffee Beans,,Special Release,22.5,,false,PERCENT,0.0,0,,,Type,DROP_DOWN,Whole Bean;Ground,Size,DROP_DOWN,10 oz,,,,,,,,,,,,,,,,,,,,,,,,,,,,,,,
product_46a5e651-8d5d-d38a-c6fe-16c9cae836c9,Variant,,,,,,,,,true,,,0,0.625,,,,Ground,,,10 oz,,,,,,,,,,,,,,,,,,,,,,,,,,,,,,,
product_46a5e651-8d5d-d38a-c6fe-16c9cae836c9,Variant,,,,,,,,,true,,,1,0.625,,,,Whole Bean,,,10 oz,,,,,,,,,,,,,,,,,,,,,,,,,,,,,,,
product_094c588c-0555-c2bc-df6e-d1d84f81f7c9,Product,"Peru, Cajamarca","<p>** To fully experience all the wonderful flavor notes, Light or Medium Roast is recommended **</p><p>(Weekly Roast days: Monday &amp; Thursday)</p><p>&nbsp;</p><p>Certifications: Fair Trade, Organic</p><p>Tasting Notes:&nbsp;Dark Chocolate, Black Cherry, Toffee, Honey</p><p>&nbsp;</p><p>Origin: Peru</p><p>Region: Laguna De Los Condores Cooperative</p><p>- - - - - - - - - - - - - - - - - - - - - - - - -&nbsp;</p><p>Plant Species: Arabica</p><p>Processing: Washed</p><p>Coffee Grade: &nbsp;PER CA WA SHB MCM G1</p><p>Variety: Caturra, Bourbon, Catuai, Pache, and Typica</p><p>Growing Altitude: 1500-1900m</p><p>Top Lots: Highest Scoring Spots</p><p>&nbsp;</p><p>&nbsp;</p>",d59a0c_a94878083caa4b2cb15f8b8b69dcea46~mv2.png;d59a0c_8535a82db60b4faaba0cdf6d575a1583~mv2_d_2623_2623_s_4_2.jpg;d59a0c_a5abb6813c784c2eac52c93a39cad4cf~mv2_d_2250_1500_s_2.jpg,Coffee Beans,,,16.0,,false,PERCENT,0.0,0,,,Roast,DROP_DOWN,Light;Medium,Type,DROP_DOWN,Whole Bean;Ground,Size,DROP_DOWN,10 oz;16 oz;5 lbs (11%Savings),,,,,,,,,,,,,,,,,,,,,,,,,,,,
product_094c588c-0555-c2bc-df6e-d1d84f81f7c9,Variant,,,,,,,,9.6,true,,,0,1.0,,,,Light,,,Ground,,,16 oz,,,,,,,,,,,,,,,,,,,,,,,,,,,,
product_094c588c-0555-c2bc-df6e-d1d84f81f7c9,Variant,,,,,,,,,true,,,0,0.625,,,,Light,,,Whole Bean,,,10 oz,,,,,,,,,,,,,,,,,,,,,,,,,,,,
product_094c588c-0555-c2bc-df6e-d1d84f81f7c9,Variant,,,,,,,,,false,,,0,,,,,Light,,,Ground,,,5 lbs (11%Savings),,,,,,,,,,,,,,,,,,,,,,,,,,,,
product_094c588c-0555-c2bc-df6e-d1d84f81f7c9,Variant,,,,,,,,,true,,,0,0.625,,,,Light,,,Ground,,,10 oz,,,,,,,,,,,,,,,,,,,,,,,,,,,,
product_094c588c-0555-c2bc-df6e-d1d84f81f7c9,Variant,,,,,,,,,false,,,0,,,,,Medium,,,Ground,,,5 lbs (11%Savings),,,,,,,,,,,,,,,,,,,,,,,,,,,,
product_094c588c-0555-c2bc-df6e-d1d84f81f7c9,Variant,,,,,,,,9.6,true,,,0,1.0,,,,Medium,,,Whole Bean,,,16 oz,,,,,,,,,,,,,,,,,,,,,,,,,,,,
product_094c588c-0555-c2bc-df6e-d1d84f81f7c9,Variant,,,,,,,,9.6,true,,,0,1.0,,,,Light,,,Whole Bean,,,16 oz,,,,,,,,,,,,,,,,,,,,,,,,,,,,
product_094c588c-0555-c2bc-df6e-d1d84f81f7c9,Variant,,,,,,,,,true,,,0,0.625,,,,Medium,,,Whole Bean,,,10 oz,,,,,,,,,,,,,,,,,,,,,,,,,,,,
product_094c588c-0555-c2bc-df6e-d1d84f81f7c9,Variant,,,,,,,,,true,,,0,0.625,,,,Medium,,,Ground,,,10 oz,,,,,,,,,,,,,,,,,,,,,,,,,,,,
product_094c588c-0555-c2bc-df6e-d1d84f81f7c9,Variant,,,,,,,,9.6,true,,,0,1.0,,,,Medium,,,Ground,,,16 oz,,,,,,,,,,,,,,,,,,,,,,,,,,,,
product_094c588c-0555-c2bc-df6e-d1d84f81f7c9,Variant,,,,,,,,97.9,true,,,0,5.0,,,,Medium,,,Whole Bean,,,5 lbs (11%Savings),,,,,,,,,,,,,,,,,,,,,,,,,,,,
product_094c588c-0555-c2bc-df6e-d1d84f81f7c9,Variant,,,,,,,,97.9,true,,,0,5.0,,,,Light,,,Whole Bean,,,5 lbs (11%Savings),,,,,,,,,,,,,,,,,,,,,,,,,,,,
product_de069403-5071-ca21-fd03-45660f8c7157,Product,Mexico Grupo Terruño Nayarita Procaa,"<p>** To fully experience all the wonderful flavor notes, this bean is roasted on the Lighter side&nbsp;**</p><p>(Weekly Roast days: Monday &amp; Thursday)</p><p>&nbsp;</p><p>Certifications: Fair Trade, Organic</p><p>Tasting Notes: Almond Roca, Blackberry, Orange</p><p>&nbsp;</p><p>Origin: Mexico</p><p>Municipality: El Cuarenteño, Xalisco, Nayarit, Mexico</p><p>- - - - - - - - - - - - - - - - - - - - - - - - - - - - - -&nbsp;</p><p>Producer: PROCAA, RIVIERA, BASILIO</p><p>Processing: Natural</p><p>Coffee Varieties:&nbsp;Catuai, Criollo, Caturra</p><p>Coffee Grade: SHG AP</p>",d59a0c_05896decee7a46d1a9418255fec5d859~mv2.jpg;d59a0c_a5abb6813c784c2eac52c93a39cad4cf~mv2_d_2250_1500_s_2.jpg;d59a0c_8535a82db60b4faaba0cdf6d575a1583~mv2_d_2623_2623_s_4_2.jpg,Coffee Beans,,,14.75,,false,PERCENT,0.0,InStock,,,Type,DROP_DOWN,Whole Bean;Ground,Size,DROP_DOWN,10 oz;16 oz;5 lbs (11%Savings),,,,,,,,,,,,,,,,,,,,,,,,,,,,,,,
product_de069403-5071-ca21-fd03-45660f8c7157,Variant,,,,,,,,,true,,,OutOfStock,0.625,,,,Ground,,,10 oz,,,,,,,,,,,,,,,,,,,,,,,,,,,,,,,
product_de069403-5071-ca21-fd03-45660f8c7157,Variant,,,,,,,,,true,,,OutOfStock,0.625,,,,Whole Bean,,,10 oz,,,,,,,,,,,,,,,,,,,,,,,,,,,,,,,
product_de069403-5071-ca21-fd03-45660f8c7157,Variant,,,,,,,,8.85,true,,,OutOfStock,1.0,,,,Ground,,,16 oz,,,,,,,,,,,,,,,,,,,,,,,,,,,,,,,
product_de069403-5071-ca21-fd03-45660f8c7157,Variant,,,,,,,,90.25,true,,,OutOfStock,5.0,,,,Whole Bean,,,5 lbs (11%Savings),,,,,,,,,,,,,,,,,,,,,,,,,,,,,,,
product_de069403-5071-ca21-fd03-45660f8c7157,Variant,,,,,,,,90.25,false,,,InStock,,,,,Ground,,,5 lbs (11%Savings),,,,,,,,,,,,,,,,,,,,,,,,,,,,,,,
product_de069403-5071-ca21-fd03-45660f8c7157,Variant,,,,,,,,8.85,true,,,OutOfStock,1.0,,,,Whole Bean,,,16 oz,,,,,,,,,,,,,,,,,,,,,,,,,,,,,,,
product_1c69a4f9-719b-be21-6af4-40e21b49ba72,Product,"Mexico,Terruño Nayarita Basilio","<p>** To fully experience all the wonderful flavor notes, this bean is roasted Medium and Vader ( Dark )&nbsp;side&nbsp;**</p><p>(Weekly Roast day: Monday )</p><p>&nbsp;</p><p>Certifications: Fair Trade, Organic</p><p>Tasting Notes:&nbsp;Almond, Citrus, Chocolate, Tobacco</p><p>&nbsp;</p><p>Origin: Mexico</p><p>Municipality: Presidio de los Reyes, Ruiz, Nayarit, Mexico</p><p>- - - - - - - - - - - - - - - - - - - - - - - - - - - - - -&nbsp;</p><p>Producer: CUERNO</p><p>Processing: Washed</p><p>Coffee Varieties:&nbsp;Catuai, Criollo, Caturra</p><p>Coffee Grade: SHG EP</p>",d59a0c_405fe495e1d645b4add81f23484650f4~mv2.jpg;d59a0c_a5abb6813c784c2eac52c93a39cad4cf~mv2_d_2250_1500_s_2.jpg;d59a0c_8535a82db60b4faaba0cdf6d575a1583~mv2_d_2623_2623_s_4_2.jpg,Coffee Beans,,,14.5,,false,PERCENT,0.0,InStock,,,Roast,DROP_DOWN,Light;Medium;Vader (Dark - Perfect for espresso),Type,DROP_DOWN,Whole Bean;Ground,Size,DROP_DOWN,10 oz;16 oz;5 lbs (11%Savings),,,,,,,,,,,,,,,,,,,,,,,,,,,,
product_1c69a4f9-719b-be21-6af4-40e21b49ba72,Variant,,,,,,,,,true,,,InStock,0.625,,,,Vader (Dark - Perfect for espresso),,,Whole Bean,,,10 oz,,,,,,,,,,,,,,,,,,,,,,,,,,,,
product_1c69a4f9-719b-be21-6af4-40e21b49ba72,Variant,,,,,,,,88.7,true,,,InStock,5.0,,,,Light,,,Whole Bean,,,5 lbs (11%Savings),,,,,,,,,,,,,,,,,,,,,,,,,,,,
product_1c69a4f9-719b-be21-6af4-40e21b49ba72,Variant,,,,,,,,,false,,,InStock,,,,,Medium,,,Ground,,,5 lbs (11%Savings),,,,,,,,,,,,,,,,,,,,,,,,,,,,
product_1c69a4f9-719b-be21-6af4-40e21b49ba72,Variant,,,,,,,,,false,,,InStock,,,,,Vader (Dark - Perfect for espresso),,,Ground,,,5 lbs (11%Savings),,,,,,,,,,,,,,,,,,,,,,,,,,,,
product_1c69a4f9-719b-be21-6af4-40e21b49ba72,Variant,,,,,,,,,true,,,InStock,0.625,,,,Light,,,Ground,,,10 oz,,,,,,,,,,,,,,,,,,,,,,,,,,,,
product_1c69a4f9-719b-be21-6af4-40e21b49ba72,Variant,,,,,,,,,true,,,InStock,0.625,,,,Vader (Dark - Perfect for espresso),,,Ground,,,10 oz,,,,,,,,,,,,,,,,,,,,,,,,,,,,
product_1c69a4f9-719b-be21-6af4-40e21b49ba72,Variant,,,,,,,,,false,,,InStock,,,,,Light,,,Ground,,,5 lbs (11%Savings),,,,,,,,,,,,,,,,,,,,,,,,,,,,
product_1c69a4f9-719b-be21-6af4-40e21b49ba72,Variant,,,,,,,,,true,,,InStock,0.625,,,,Medium,,,Whole Bean,,,10 oz,,,,,,,,,,,,,,,,,,,,,,,,,,,,
product_1c69a4f9-719b-be21-6af4-40e21b49ba72,Variant,,,,,,,,8.7,true,,,InStock,1.0,,,,Vader (Dark - Perfect for espresso),,,Ground,,,16 oz,,,,,,,,,,,,,,,,,,,,,,,,,,,,
product_1c69a4f9-719b-be21-6af4-40e21b49ba72,Variant,,,,,,,,8.7,true,,,InStock,1.0,,,,Medium,,,Whole Bean,,,16 oz,,,,,,,,,,,,,,,,,,,,,,,,,,,,
product_1c69a4f9-719b-be21-6af4-40e21b49ba72,Variant,,,,,,,,8.7,true,,,InStock,1.0,,,,Medium,,,Ground,,,16 oz,,,,,,,,,,,,,,,,,,,,,,,,,,,,
product_1c69a4f9-719b-be21-6af4-40e21b49ba72,Variant,,,,,,,,8.7,true,,,InStock,1.0,,,,Vader (Dark - Perfect for espresso),,,Whole Bean,,,16 oz,,,,,,,,,,,,,,,,,,,,,,,,,,,,
product_1c69a4f9-719b-be21-6af4-40e21b49ba72,Variant,,,,,,,,88.7,true,,,InStock,5.0,,,,Vader (Dark - Perfect for espresso),,,Whole Bean,,,5 lbs (11%Savings),,,,,,,,,,,,,,,,,,,,,,,,,,,,
product_1c69a4f9-719b-be21-6af4-40e21b49ba72,Variant,,,,,,,,88.7,true,,,InStock,5.0,,,,Medium,,,Whole Bean,,,5 lbs (11%Savings),,,,,,,,,,,,,,,,,,,,,,,,,,,,
product_1c69a4f9-719b-be21-6af4-40e21b49ba72,Variant,,,,,,,,,true,,,InStock,0.625,,,,Light,,,Whole Bean,,,10 oz,,,,,,,,,,,,,,,,,,,,,,,,,,,,
product_1c69a4f9-719b-be21-6af4-40e21b49ba72,Variant,,,,,,,,8.7,true,,,InStock,1.0,,,,Light,,,Whole Bean,,,16 oz,,,,,,,,,,,,,,,,,,,,,,,,,,,,
product_1c69a4f9-719b-be21-6af4-40e21b49ba72,Variant,,,,,,,,8.7,true,,,InStock,1.0,,,,Light,,,Ground,,,16 oz,,,,,,,,,,,,,,,,,,,,,,,,,,,,
product_1c69a4f9-719b-be21-6af4-40e21b49ba72,Variant,,,,,,,,,true,,,InStock,0.625,,,,Medium,,,Ground,,,10 oz,,,,,,,,,,,,,,,,,,,,,,,,,,,,
product_dfaeeaa2-56c4-07f0-9d24-458fb4e1c63b,Product,Whiskey Barrel Aged Coffee,"<p>&nbsp;- - SPECIAL LIMITED RELEASE - - We have another Barrel Aged collaboration and we are excited about this one! &nbsp;&nbsp;It's&nbsp;the perfect combination of our favorite Guatemala Cimarron and Nicaragua Las Segovias&nbsp;coffee, patiently&nbsp;aged in a 7 Stills Chocasmoke&nbsp;Whiskey Barrel. &nbsp;Don't miss out on this one!</p><p>&nbsp;</p><p>The&nbsp;Chocosmoke Barrel brings out&nbsp;smooth, yet&nbsp;robust&nbsp;chocolate, smoky oak barrel notes,&nbsp;with hints of caramel, and a&nbsp;little peppery&nbsp;spice.</p><p>&nbsp;</p><p>Thanks to our friends at 7 Stills Brewery + Distillery&nbsp;for the gorgeous whiskey barrels and their amazing&nbsp;whiskeys. Some of the BEST whiskeys&nbsp;around!</p><p>&nbsp;</p><p>So many incredible aromas and flavors are&nbsp;brought out of the coffee bean during the barrel aging process. The coffee bean continues to amaze us with so many different flavor levels to unpack.&nbsp; We have LIMITED Batches available, so order yours TODAY!</p><p>&nbsp;</p><p>(Weekly Roast days: Monday &amp; Thursday)</p><p>&nbsp;</p><p>Certifications: Fair Trade USA, Organic USDA</p><p>Aroma: &nbsp;Chocolate,&nbsp;Bourbon, Smoky, Caramel</p><p>Tasting Notes:&nbsp;Chocolate,&nbsp;Spice, Creamy</p><p>&nbsp;</p><p>Origin: Guatemala</p><p>Region: Acatenango, San Martin Jilotepeque, Coban and Atitlan</p><p>- - - - - - - - - - - - - - - - - - - - - - - - - - - - - -&nbsp;</p><p>Producer: Asproguate&nbsp;</p><p>Processing: Fully washed</p><p>&nbsp;</p><p>Origin: Nicaragua</p><p>Region: Nueva Segovia</p><p>- - - - - - - - - - - - - - - - - - - - - - - - - - - - - -&nbsp;</p><p>Producer: Las Segovias Certified Organic Coffee&nbsp;Cooperative&nbsp;</p><p>Processing: Washed</p><p>&nbsp;</p><p>&nbsp;</p><p>&nbsp;</p>",d59a0c_b7b65f6bbd66486fa9d266e105b9c69a~mv2.png;d59a0c_211014126c3c4310aa775488c534f945~mv2.jpg;d59a0c_cd0bb90bdf8f42a690b18d0e29fa079d~mv2.png;d59a0c_5cef9938fba94dbd83838ca38adf6fba~mv2.jpg,Coffee Beans,,Special Release,22.5,,false,PERCENT,0.0,0,,,Type,DROP_DOWN,Whole Bean;Ground,Size,DROP_DOWN,10 oz,,,,,,,,,,,,,,,,,,,,,,,,,,,,,,,
product_dfaeeaa2-56c4-07f0-9d24-458fb4e1c63b,Variant,,,,,,,,,true,,,0,0.625,,,,Ground,,,10 oz,,,,,,,,,,,,,,,,,,,,,,,,,,,,,,,
product_dfaeeaa2-56c4-07f0-9d24-458fb4e1c63b,Variant,,,,,,,,,true,,,0,0.625,,,,Whole Bean,,,10 oz,,,,,,,,,,,,,,,,,,,,,,,,,,,,,,,
product_2e45bb32-b538-f825-5118-b2662fa220ec,Product,"Peru, Valle Inca","<p>** To fully experience all the wonderful flavor notes, Light or Medium Roast is recommended **</p><p>(Weekly Roast days: Monday &amp; Thursday)</p><p>&nbsp;</p><p>Certifications: Fair Trade, Organic</p><p>Tasting Notes:&nbsp;Red Fruit, Pear, Chocolate, Almond</p><p>&nbsp;</p><p>Origin: Peru</p><p>Region: Valle Inca Coop / Calca South Peru</p><p>- - - - - - - - - - - - - - - - - - - - - - - - -&nbsp;</p><p>Producer: Prudencio Vargas</p><p>Processing: Washed</p><p>Variety: Caturra, Bourbon, and Typica</p><p>Growing Altitude: 1500-1800</p><p>Top Lots: Highest Scoring Spots</p><p>&nbsp;</p><p>&nbsp;</p>",d59a0c_a5abb6813c784c2eac52c93a39cad4cf~mv2_d_2250_1500_s_2.jpg;d59a0c_8535a82db60b4faaba0cdf6d575a1583~mv2_d_2623_2623_s_4_2.jpg;d59a0c_19f86edeff8a48eda16986b099963097~mv2.jpg,Coffee Beans,,,13.5,,false,PERCENT,0.0,InStock,,,Roast,DROP_DOWN,Light;Medium,Type,DROP_DOWN,Whole Bean;Ground,Size,DROP_DOWN,10 oz;16 oz;5 lbs (11%Savings),,,,,,,,,,,,,,,,,,,,,,,,,,,,
product_2e45bb32-b538-f825-5118-b2662fa220ec,Variant,,,,,,,,,false,,,InStock,,,,,Light,,,Ground,,,5 lbs (11%Savings),,,,,,,,,,,,,,,,,,,,,,,,,,,,
product_2e45bb32-b538-f825-5118-b2662fa220ec,Variant,,,,,,,,,true,,,InStock,0.625,,,,Medium,,,Ground,,,10 oz,,,,,,,,,,,,,,,,,,,,,,,,,,,,
product_2e45bb32-b538-f825-5118-b2662fa220ec,Variant,,,,,,,,8.1,true,,,InStock,1.0,,,,Medium,,,Whole Bean,,,16 oz,,,,,,,,,,,,,,,,,,,,,,,,,,,,
product_2e45bb32-b538-f825-5118-b2662fa220ec,Variant,,,,,,,,8.1,true,,,InStock,1.0,,,,Light,,,Ground,,,16 oz,,,,,,,,,,,,,,,,,,,,,,,,,,,,
product_2e45bb32-b538-f825-5118-b2662fa220ec,Variant,,,,,,,,82.62,true,,,InStock,5.0,,,,Medium,,,Whole Bean,,,5 lbs (11%Savings),,,,,,,,,,,,,,,,,,,,,,,,,,,,
product_2e45bb32-b538-f825-5118-b2662fa220ec,Variant,,,,,,,,,true,,,InStock,0.625,,,,Light,,,Ground,,,10 oz,,,,,,,,,,,,,,,,,,,,,,,,,,,,
product_2e45bb32-b538-f825-5118-b2662fa220ec,Variant,,,,,,,,,false,,,InStock,,,,,Medium,,,Ground,,,5 lbs (11%Savings),,,,,,,,,,,,,,,,,,,,,,,,,,,,
product_2e45bb32-b538-f825-5118-b2662fa220ec,Variant,,,,,,,,,true,,,InStock,0.625,,,,Light,,,Whole Bean,,,10 oz,,,,,,,,,,,,,,,,,,,,,,,,,,,,
product_2e45bb32-b538-f825-5118-b2662fa220ec,Variant,,,,,,,,82.62,true,,,InStock,5.0,,,,Light,,,Whole Bean,,,5 lbs (11%Savings),,,,,,,,,,,,,,,,,,,,,,,,,,,,
product_2e45bb32-b538-f825-5118-b2662fa220ec,Variant,,,,,,,,,true,,,InStock,0.625,,,,Medium,,,Whole Bean,,,10 oz,,,,,,,,,,,,,,,,,,,,,,,,,,,,
product_2e45bb32-b538-f825-5118-b2662fa220ec,Variant,,,,,,,,8.1,true,,,InStock,1.0,,,,Light,,,Whole Bean,,,16 oz,,,,,,,,,,,,,,,,,,,,,,,,,,,,
product_2e45bb32-b538-f825-5118-b2662fa220ec,Variant,,,,,,,,8.1,true,,,InStock,1.0,,,,Medium,,,Ground,,,16 oz,,,,,,,,,,,,,,,,,,,,,,,,,,,,
product_43c66c7d-5aae-fb68-2321-03a26d13247c,Product,Running Reflective 5 Panel Hat,"<p>Will help you Run 🏃🏽‍♂️Faster!</p><p>&nbsp;</p><ul>	<li>Embroidered Boast patch,&nbsp;Available in 3 Colors</li></ul><p>&nbsp;</p><ul>	<li>Breathable, Moisture Wicking, Dry Fast, Lightweight Fabric</li></ul><p>&nbsp;</p><ul>	<li>Reflective Front brim &amp; Adjustable strap</li></ul><p>&nbsp;</p><ul>	<li>100% Polyester - Unstructured Soft Crown w/ Lining Low-Fitting, Black Undervisor</li></ul>",d59a0c_5443eeff66ea4c0b9baba2c0aa2bd7f0~mv2.png;d59a0c_34dde55f8b634ac587676b065f18213f~mv2.png;d59a0c_68de9a3499444bf596c5a6e0295a1247~mv2.jpg;d59a0c_89a6f8abc8304eed966e0fc56a794f43~mv2.jpg,Swag,,,25.0,,true,PERCENT,0.0,0,,,Color,COLOR,#BEBEBE:Light Gray;#656161:Charcoal Gray;#000000:Black Camo,,,,,,,,,,,,,,,,,,,,,,,,,,,,,,,,,,
product_43c66c7d-5aae-fb68-2321-03a26d13247c,Variant,,,,,,,,,true,,,2,,,,,#BEBEBE:Light Gray,,,,,,,,,,,,,,,,,,,,,,,,,,,,,,,,,,
product_43c66c7d-5aae-fb68-2321-03a26d13247c,Variant,,,,,,,,,true,,,1,,,,,#000000:Black Camo,,,,,,,,,,,,,,,,,,,,,,,,,,,,,,,,,,
product_43c66c7d-5aae-fb68-2321-03a26d13247c,Variant,,,,,,,,,true,,,1,,,,,#656161:Charcoal Gray,,,,,,,,,,,,,,,,,,,,,,,,,,,,,,,,,,
product_52c078fe-e8be-29a4-a7af-600a7e34a250,Product,Five Panel Camper Hat,"<p>Made of Awesomeness to make you more Awesome!</p><p>&nbsp;</p><ul>	<li>Embroidered Boast patch</li></ul><p>&nbsp;</p><ul>	<li>Adjustable,&nbsp;Available in 3 Colors</li></ul><p>&nbsp;</p><ul>	<li>100% Cotton - Structured Firm Front Panel</li></ul><p>&nbsp;</p><ul>	<li>Superior Cotton Twill Square Flat Visor w/ Binding Trim&nbsp;</li></ul><p>&nbsp;</p>",d59a0c_642a2df5c1d5408591c10e235533f2e2~mv2.jpg;d59a0c_2c213ad3b22146fd8a42534b35c27c1d~mv2.jpg;d59a0c_4b9ecdd75d454b678881b28ef7f885ae~mv2.jpg;d59a0c_ef0fcceb8b6d411fa77aea7c877b936e~mv2.jpg;d59a0c_23f9a70814184380aa481f53917ac772~mv2.jpg,Swag,,,25.0,,false,PERCENT,0.0,0,,,Color,COLOR,#000000:Black;#6d6868:Charcoal Gray;#073763:Navy Blue,,,,,,,,,,,,,,,,,,,,,,,,,,,,,,,,,,
product_52c078fe-e8be-29a4-a7af-600a7e34a250,Variant,,,,,,,,,true,,,0,,,,,#6d6868:Charcoal Gray,,,,,,,,,,,,,,,,,,,,,,,,,,,,,,,,,,
product_52c078fe-e8be-29a4-a7af-600a7e34a250,Variant,,,,,,,,,true,,,0,,,,,#073763:Navy Blue,,,,,,,,,,,,,,,,,,,,,,,,,,,,,,,,,,
product_52c078fe-e8be-29a4-a7af-600a7e34a250,Variant,,,,,,,,,true,,,1,,,,,#000000:Black,,,,,,,,,,,,,,,,,,,,,,,,,,,,,,,,,,
product_591cc4ac-f8ee-732b-2d1a-90e266bc581c,Product,Beanie,"<p>Made of Awesomeness to make you more Awesome!</p><p>&nbsp;</p><ul>	<li>Embroidered Boast patch, Available in 3 colors</li></ul><p>&nbsp;</p><ul>	<li>3-inch folding cuff. Fabric 100% acrylic</li></ul><p>&nbsp;</p><ul>	<li>Gray Beanie features&nbsp;Fully lined&nbsp;fleece for additional warmth and comfort</li></ul>",d59a0c_9563842e8fbf43ad9a77d388fcc3aa91~mv2.png;d59a0c_0258d6385fec4a0d96e981df30911eb7~mv2.jpg;d59a0c_d5954f1342da4aa6a62f9acfe1dac422~mv2.jpg;d59a0c_73b1678e9ee74c9fba99eda057103fce~mv2.png,Swag,,,20.0,,false,PERCENT,0.0,0,,,Color,COLOR,"rgb(128, 0, 0):Maroon;rgb(19,40,124):Navy Blue;rgb(163,163,163):Heather Gray",,,,,,,,,,,,,,,,,,,,,,,,,,,,,,,,,,
product_591cc4ac-f8ee-732b-2d1a-90e266bc581c,Variant,,,,,,,,,true,,,1,,,,,"rgb(128, 0, 0):Maroon",,,,,,,,,,,,,,,,,,,,,,,,,,,,,,,,,,
product_591cc4ac-f8ee-732b-2d1a-90e266bc581c,Variant,,,,,,,,,true,,,1,,,,,"rgb(19,40,124):Navy Blue",,,,,,,,,,,,,,,,,,,,,,,,,,,,,,,,,,
product_591cc4ac-f8ee-732b-2d1a-90e266bc581c,Variant,,,,,,,,,true,,,2,,,,,"rgb(163,163,163):Heather Gray",,,,,,,,,,,,,,,,,,,,,,,,,,,,,,,,,,
product_71ac71b4-f212-46a2-a5dc-be5321a3186b,Product,Cold Brew Coffee Ginger Beer,"<p>Grab our newest collab!</p><p>Ginger Lab x Boast Coffee = Cold brew coffee ginger beer</p><p>&nbsp;</p><p>As our frineds from Ginger Lab put it:</p><p>&nbsp;</p><p>We promise you it's something you've never tried before where each sip is strangely, beautifully delicious.</p><p>&nbsp;</p><p>Super smooth and refreshing, you taste both the cold brew coffee and ginger beer on your palate, ending with some serious heat.&nbsp;</p>",d59a0c_8c35659e538e4e6b96853383600716d5~mv2.jpg;d59a0c_524a0c177a9a413f8e1b7388a38ff123~mv2.jpg,,,Limited Release,5.99,,false,PERCENT,0.0,0,,,,,,,,,,,,,,,,,,,,,Local Pick Up Or Delivery Only,"<p>&nbsp;</p>

<p><strong>***Free Local Delivery min for online orders:&nbsp;$45&nbsp;and up***</strong></p>

<p>(Local Delivery: Within a 20 mi radius of Boast San Jose Roastery)&nbsp;</p>

<p>&nbsp;</p>

<p><em>No Shipping available at this time.</em></p>

<p>- - - - - - - - - - - - - - - - - -</p>
",,,,,,,,,,,,,,,,,
product_041146ab-f513-f4db-190a-b63262ddb2b2,Product,Boast Coffee Candle,"<p>So &nbsp;Excited 🤗 to have partnered with our friends over at&nbsp;Rogue Candle Company&nbsp;out of&nbsp;Napa, CA&nbsp;to ""Upcycle"" ♻️ our 32oz Cold&nbsp;Brew ⚡️growlers and turn them into Boast Coffee scented Candles 🕯It smells delicious!</p><p>&nbsp;</p><ul>	<li>Coffee Scented Candle, made with the highest quality materials</li>	<li>Made with 100% Soy Wax , &nbsp;2 Cotton wicks</li>	<li>Soy Wax burns cleaner and&nbsp;&nbsp;is a healthier alternative to pariffin/petroleum wax candles</li></ul>",d59a0c_ee27a30c98d74371b6355ca16064e13e~mv2.jpeg;d59a0c_4fc4b62607bc4d3c969a59158ee0265b~mv2.jpeg,Swag,,Limited Supply,27.99,,false,PERCENT,0.0,0,2.0,,,,,,,,,,,,,,,,,,,,Local Pick Up Or Delivery Only,"<p>&nbsp;</p>

<p><strong>***Free Local Delivery min for online orders:&nbsp;$40 and up***</strong></p>

<p>(Local Delivery: Within a 20 mi radius of Boast San Jose Roastery)&nbsp;</p>

<p>&nbsp;</p>

<p><em>No Shipping available at this time.</em></p>

<p>- - - - - - - - - - - - - - - - - -</p>
",,,,,,,,,,,,,,,,,
product_d16725e3-bd76-687a-22e9-fe435f9a775f,Product,Whiskey Barrel Aged Coffee,"<p>&nbsp;- - SPECIAL LIMITED RELEASE - - After some extensive R&amp;D and test batches, we have the perfect combination of our favorite Guatemala Cimarron and Nicaragua Las Segovias&nbsp;coffee aged in a 10th Street Distillery&nbsp;peated Single Malt Whiskey Barrel.</p><p>&nbsp;</p><p>Thanks to our friends at San Jose's&nbsp;10th Street Distillery&nbsp;for the gorgeous whiskey barrels and their award winning whiskeys. Some of the BEST whiskeys in town!</p><p>&nbsp;</p><p>So many incredible aromas and flavors are&nbsp;brought out of the coffee bean during the barrel aging process. The coffee bean continues to amaze us with so many different flavor levels to unpack.&nbsp; We have LIMITED Batches available, so order yours TODAY!</p><p>&nbsp;</p><p>(Weekly Roast days: Monday &amp; Thursday)</p><p>&nbsp;</p><p>Certifications: Fair Trade USA, Organic USDA</p><p>Aroma: Whiskey, Bourbon,&nbsp;Slight Vanilla</p><p>Tasting Notes:&nbsp;Baking Spice,&nbsp;Chocolate,&nbsp;Vanilla, Oak</p><p>&nbsp;</p><p>Origin: Guatemala</p><p>Region: Acatenango, San Martin Jilotepeque, Coban and Atitlan</p><p>- - - - - - - - - - - - - - - - - - - - - - - - - - - - - -&nbsp;</p><p>Producer: Asproguate&nbsp;</p><p>Processing: Fully washed</p><p>&nbsp;</p><p>Origin: Nicaragua</p><p>Region: Nueva Segovia</p><p>- - - - - - - - - - - - - - - - - - - - - - - - - - - - - -&nbsp;</p><p>Producer: Las Segovias Certified Organic Coffee&nbsp;Cooperative&nbsp;</p><p>Processing: Washed</p><p>&nbsp;</p><p>&nbsp;</p><p>&nbsp;</p>",d59a0c_1391f64dd03d4686b3f1450e8369d878~mv2.jpg;d59a0c_af681a8cfba449cf90a2b8542002463e~mv2.png;d59a0c_a5abb6813c784c2eac52c93a39cad4cf~mv2_d_2250_1500_s_2.jpg;d59a0c_8535a82db60b4faaba0cdf6d575a1583~mv2_d_2623_2623_s_4_2.jpg,Coffee Beans,,Special Release,22.5,,false,PERCENT,0.0,InStock,,,Type,DROP_DOWN,Whole Bean;Ground,Size,DROP_DOWN,10 oz,,,,,,,,,,,,,,,,,,,,,,,,,,,,,,,
product_d16725e3-bd76-687a-22e9-fe435f9a775f,Variant,,,,,,,,,true,,,OutOfStock,0.625,,,,Whole Bean,,,10 oz,,,,,,,,,,,,,,,,,,,,,,,,,,,,,,,
product_d16725e3-bd76-687a-22e9-fe435f9a775f,Variant,,,,,,,,,true,,,OutOfStock,0.625,,,,Ground,,,10 oz,,,,,,,,,,,,,,,,,,,,,,,,,,,,,,,
product_5119c4e8-1713-760f-3511-6588f96a1b31,Product,"Nicaragua, Las Segovias","<p>** To fully experience all the wonderful flavor notes, this bean is roasted on the Lighter side&nbsp;**</p><p>(Weekly Roast days: Monday &amp; Thursday)</p><p>&nbsp;</p><p>Certifications: Fair Trade, Organic</p><p>Tasting Notes:&nbsp;Chocolate, Graham cracker, Sweet, Balanced</p><p>&nbsp;</p><p>Origin: Nicaragua</p><p>Region: Nueva Segovia</p><p>- - - - - - - - - - - - - - - - - - - - - - - - - - - - - -&nbsp;</p><p>Producer: Las Segovias Certified Organic Coffee&nbsp;Cooperative&nbsp;</p><p>Processing: Washed</p><p>Coffee Grade: NIC CA WA SHG</p><p>Growing Altitude:&nbsp;1300m</p>",d59a0c_7c12f7f1fe804dc1813ec9225974bf37~mv2.png;d59a0c_a5abb6813c784c2eac52c93a39cad4cf~mv2_d_2250_1500_s_2.jpg;d59a0c_8535a82db60b4faaba0cdf6d575a1583~mv2_d_2623_2623_s_4_2.jpg,Coffee Beans,,,14.0,,false,PERCENT,0.0,InStock,,,Type,DROP_DOWN,Whole Bean;Ground,Size,DROP_DOWN,10 oz;16 oz;5 lbs (11%Savings),,,,,,,,,,,,,,,,,,,,,,,,,,,,,,,
product_5119c4e8-1713-760f-3511-6588f96a1b31,Variant,,,,,,,,8.3,true,,,OutOfStock,1.0,,,,Whole Bean,,,16 oz,,,,,,,,,,,,,,,,,,,,,,,,,,,,,,,
product_5119c4e8-1713-760f-3511-6588f96a1b31,Variant,,,,,,,,,true,,,OutOfStock,0.625,,,,Ground,,,10 oz,,,,,,,,,,,,,,,,,,,,,,,,,,,,,,,
product_5119c4e8-1713-760f-3511-6588f96a1b31,Variant,,,,,,,,85.68,true,,,OutOfStock,5.0,,,,Whole Bean,,,5 lbs (11%Savings),,,,,,,,,,,,,,,,,,,,,,,,,,,,,,,
product_5119c4e8-1713-760f-3511-6588f96a1b31,Variant,,,,,,,,8.3,true,,,OutOfStock,1.0,,,,Ground,,,16 oz,,,,,,,,,,,,,,,,,,,,,,,,,,,,,,,
product_5119c4e8-1713-760f-3511-6588f96a1b31,Variant,,,,,,,,,true,,,OutOfStock,0.625,,,,Whole Bean,,,10 oz,,,,,,,,,,,,,,,,,,,,,,,,,,,,,,,
product_5119c4e8-1713-760f-3511-6588f96a1b31,Variant,,,,,,,,85.68,false,,,OutOfStock,,,,,Ground,,,5 lbs (11%Savings),,,,,,,,,,,,,,,,,,,,,,,,,,,,,,,
product_062f6201-94ce-eacc-f5cc-190a1d02f9b2,Product,Limited SPECIAL Release Cold Brew -  4 Pack,"<p>**Pick-up OR Local Delivery ONLY. No Shipping available at this time for Cold Brew. (Local Delivery Min = $45+ and within a 20 mi radius of Boast San Jose Roastery)**</p><p>&nbsp;</p><p>By Popular demand, we are now canning our SPECIAL Release Cold Brews!</p><p>&nbsp;</p><ul>	<li>Barrel Aged: We took our latest&nbsp;LIMITED Release,&nbsp;Whiskey 🥃 Barrel&nbsp;&nbsp;Aged Coffee, and Brewed it up Cold Brew style. Using the Chocosmoke barrel, from our homies over at 7 Stills Distillery, we were able to get some Smooth chocolate, smoky&nbsp;oak barrel notes, hints of&nbsp;caramel, a lil spice &amp; everything NICE!</li></ul><p>&nbsp;</p><ul>	<li>Dark Vader : Bold &amp;&nbsp;Dark&nbsp;. Boast Cold Brew Coffee brewed with our Guatemala Cimarron Dark Roasted beans for a more BOLD,&nbsp;&amp; Roasty energy kick. Flavor profile: Dark chocolate + Burnt Toffee&nbsp;+ Blackberry</li></ul><p>&nbsp;</p><ul>	<li>Orange&nbsp;🍊&nbsp;Dream: Organic Orange Peels and Vanilla Bean brewed with our smooth signature Cold Brew Coffee, for a Refreshing Chocolate, Orange and Vanilla flavor profile reminiscent of a orangesicle</li></ul><p>&nbsp;</p><ul>	<li>Boast 'N Oats: Organic Oats brewed with our signature Cold Brew, for a Sweet, Comforting &amp; Extra Smooth flavor profile</li></ul><p>&nbsp;</p>",d59a0c_e95fecdb0f7349e1b36108c7d6739480~mv2.jpg;d59a0c_f7dc134d406941d7bdce91966c5ca4c0~mv2.png;d59a0c_40c19f046f89442481b5e039c253c988~mv2.jpg;d59a0c_983b9cb14d614a91b20c04ede574b96b~mv2.jpg;d59a0c_362a88a7b0a74eec997b2c56aca436c4~mv2.jpg;d59a0c_ab2766a82c1746089889105ffdf8f412~mv2.jpg,Cold Brew,,Pick-Up & Local Delivery Only,20.0,,false,PERCENT,0.0,0,,,Type,DROP_DOWN,Barrel Aged;Dark Vader;[Sold Out] Dark Vader;[Sold Out] Orange Dream;[Sold Out] Boast 'N Oats;Dark Vader 2.0,,,,,,,,,,,,,,,,Local Pick-up OR Delivery Only,"<p>This product is available for pick up at the Boast Roastery or Local Delivery.</p>

<p>&nbsp;</p>

<p><strong>***Free Local Delivery min for online orders:&nbsp;$45&nbsp;and up***</strong></p>

<p>(Local Delivery: Within a 20 mi radius of Boast San Jose Roastery)&nbsp;</p>

<p>&nbsp;</p>

<p><em>No Shipping available at this time.</em></p>

<p>- - - - - - - - - - - - - - - - - -</p>
",,,,,,,,,,,,,,,,,
product_062f6201-94ce-eacc-f5cc-190a1d02f9b2,Variant,,,,,,,,,false,,,0,,,,,[Sold Out] Boast 'N Oats,,,,,,,,,,,,,,,,,,,,,,,,,,,,,,,,,,
product_062f6201-94ce-eacc-f5cc-190a1d02f9b2,Variant,,,,,,,,,false,,,10,,,,,Dark Vader 2.0,,,,,,,,,,,,,,,,,,,,,,,,,,,,,,,,,,
product_062f6201-94ce-eacc-f5cc-190a1d02f9b2,Variant,,,,,,,,,false,,,0,,,,,Barrel Aged,,,,,,,,,,,,,,,,,,,,,,,,,,,,,,,,,,
product_062f6201-94ce-eacc-f5cc-190a1d02f9b2,Variant,,,,,,,,,true,,,0,,,,,Dark Vader,,,,,,,,,,,,,,,,,,,,,,,,,,,,,,,,,,
product_062f6201-94ce-eacc-f5cc-190a1d02f9b2,Variant,,,,,,,,,false,,,0,,,,,[Sold Out] Dark Vader,,,,,,,,,,,,,,,,,,,,,,,,,,,,,,,,,,
product_062f6201-94ce-eacc-f5cc-190a1d02f9b2,Variant,,,,,,,,,false,,,10,,,,,[Sold Out] Orange Dream,,,,,,,,,,,,,,,,,,,,,,,,,,,,,,,,,,
product_ead47309-e4ab-c6d0-026b-2831f89a8962,Product,"Guatemala, Ayarza Wine Series","<p>(Weekly Roast day: Monday )</p><p>&nbsp;</p><p><strong>Exclusive Guatemala&nbsp;Ayarza Wine Series Coffee: Amazing Coffee, processed in 3 different ways which highlight dictinct profiles/tasting notes for each process.</strong></p><p>&nbsp;</p><p>The Ayarza Wine Series puts a spotlight on how awesome &amp; amazing the coffee bean really is. &nbsp;Same coffee, from the same region, just dry processed in 3 different ways,&nbsp;bringing out so many different unique profiles, specific to each process.</p><p>&nbsp;</p><p><strong>Try all 3&nbsp;to see which process will capture your palate!</strong></p><p><strong>Washed - Sold Out</strong></p><p><strong>Honey - Sold Out</strong></p><p>&nbsp;</p><p>&nbsp;</p><p>All deeply fruited, candy-like, and reminiscent of wine.&nbsp;</p><p>&nbsp;</p><p>Tasting Notes:&nbsp;</p><p>&nbsp; &nbsp; &nbsp; &nbsp; &nbsp; Natural:&nbsp;Berry Candy, Apple, Grape, Almond Butter</p><p>&nbsp; &nbsp; &nbsp; &nbsp; Washed: Caramel,&nbsp;Grape, Orange, Plum, Winey</p><p>&nbsp; &nbsp; &nbsp; &nbsp; &nbsp; &nbsp;Honey: Cinnamon, Grapefruit, Honey, Orange, Pineapple</p><p>&nbsp;</p><p>Origin: Guatemala</p><ul>	<li>	<p>Region - Laguna De Ayarza</p>	</li></ul><p>- - - - - - - - - - - - - - - - - - - - -&nbsp;</p><p>Producer:&nbsp;Cooperativa El Porvenir</p><p>Processing:&nbsp;Honey, Natural, Washed&nbsp;</p><p>Coffee Grade: SHB</p><p>Variety: Bourbon, Caturra,&nbsp;and Typica</p><p>Growing Altitude 1800</p><p>Top Lots: Highest Scoring Spots</p>",d59a0c_bb61de2c0b994f3492d0a9d165170547~mv2.jpg;d59a0c_3361bfba6a56415a8fef51c1f033fcd4~mv2.jpg;d59a0c_a5abb6813c784c2eac52c93a39cad4cf~mv2_d_2250_1500_s_2.jpg;d59a0c_8535a82db60b4faaba0cdf6d575a1583~mv2_d_2623_2623_s_4_2.jpg,Coffee Beans,,Wine Series,15.0,,false,PERCENT,0.0,InStock,,,Process,DROP_DOWN,Honey;Natural;Washed,Type,DROP_DOWN,Whole Bean;Ground,Size,DROP_DOWN,10 oz;16 oz;5 lbs (11%Savings),,,,,,,,,,,,,,,,,,,,,,,,,,,,
product_ead47309-e4ab-c6d0-026b-2831f89a8962,Variant,,,,,,,,0.5,true,,,OutOfStock,0.625,,,,Honey,,,Whole Bean,,,10 oz,,,,,,,,,,,,,,,,,,,,,,,,,,,,
product_ead47309-e4ab-c6d0-026b-2831f89a8962,Variant,,,,,,,,0.5,true,,,OutOfStock,0.625,,,,Honey,,,Ground,,,10 oz,,,,,,,,,,,,,,,,,,,,,,,,,,,,
product_ead47309-e4ab-c6d0-026b-2831f89a8962,Variant,,,,,,,,,true,,,InStock,0.625,,,,Natural,,,Whole Bean,,,10 oz,,,,,,,,,,,,,,,,,,,,,,,,,,,,
product_ead47309-e4ab-c6d0-026b-2831f89a8962,Variant,,,,,,,,,true,,,InStock,0.625,,,,Natural,,,Ground,,,10 oz,,,,,,,,,,,,,,,,,,,,,,,,,,,,
product_ead47309-e4ab-c6d0-026b-2831f89a8962,Variant,,,,,,,,,true,,,OutOfStock,0.625,,,,Washed,,,Whole Bean,,,10 oz,,,,,,,,,,,,,,,,,,,,,,,,,,,,
product_ead47309-e4ab-c6d0-026b-2831f89a8962,Variant,,,,,,,,,true,,,OutOfStock,0.625,,,,Washed,,,Ground,,,10 oz,,,,,,,,,,,,,,,,,,,,,,,,,,,,
product_ead47309-e4ab-c6d0-026b-2831f89a8962,Variant,,,,,,,,9.75,true,,,OutOfStock,1.0,,,,Honey,,,Whole Bean,,,16 oz,,,,,,,,,,,,,,,,,,,,,,,,,,,,
product_ead47309-e4ab-c6d0-026b-2831f89a8962,Variant,,,,,,,,9.75,true,,,OutOfStock,1.0,,,,Honey,,,Ground,,,16 oz,,,,,,,,,,,,,,,,,,,,,,,,,,,,
product_ead47309-e4ab-c6d0-026b-2831f89a8962,Variant,,,,,,,,9.0,true,,,InStock,1.0,,,,Natural,,,Whole Bean,,,16 oz,,,,,,,,,,,,,,,,,,,,,,,,,,,,
product_ead47309-e4ab-c6d0-026b-2831f89a8962,Variant,,,,,,,,9.0,true,,,InStock,1.0,,,,Natural,,,Ground,,,16 oz,,,,,,,,,,,,,,,,,,,,,,,,,,,,
product_ead47309-e4ab-c6d0-026b-2831f89a8962,Variant,,,,,,,,8.34,true,,,OutOfStock,1.0,,,,Washed,,,Whole Bean,,,16 oz,,,,,,,,,,,,,,,,,,,,,,,,,,,,
product_ead47309-e4ab-c6d0-026b-2831f89a8962,Variant,,,,,,,,8.34,true,,,OutOfStock,1.0,,,,Washed,,,Ground,,,16 oz,,,,,,,,,,,,,,,,,,,,,,,,,,,,
product_ead47309-e4ab-c6d0-026b-2831f89a8962,Variant,,,,,,,,95.25,true,,,OutOfStock,5.0,,,,Honey,,,Whole Bean,,,5 lbs (11%Savings),,,,,,,,,,,,,,,,,,,,,,,,,,,,
product_ead47309-e4ab-c6d0-026b-2831f89a8962,Variant,,,,,,,,,false,,,OutOfStock,,,,,Honey,,,Ground,,,5 lbs (11%Savings),,,,,,,,,,,,,,,,,,,,,,,,,,,,
product_ead47309-e4ab-c6d0-026b-2831f89a8962,Variant,,,,,,,,91.75,true,,,InStock,5.0,,,,Natural,,,Whole Bean,,,5 lbs (11%Savings),,,,,,,,,,,,,,,,,,,,,,,,,,,,
product_ead47309-e4ab-c6d0-026b-2831f89a8962,Variant,,,,,,,,,false,,,InStock,,,,,Natural,,,Ground,,,5 lbs (11%Savings),,,,,,,,,,,,,,,,,,,,,,,,,,,,
product_ead47309-e4ab-c6d0-026b-2831f89a8962,Variant,,,,,,,,85.07,true,,,OutOfStock,5.0,,,,Washed,,,Whole Bean,,,5 lbs (11%Savings),,,,,,,,,,,,,,,,,,,,,,,,,,,,
product_ead47309-e4ab-c6d0-026b-2831f89a8962,Variant,,,,,,,,,false,,,OutOfStock,,,,,Washed,,,Ground,,,5 lbs (11%Savings),,,,,,,,,,,,,,,,,,,,,,,,,,,,
product_0bee4d2d-485b-17b7-650d-5ae8657920be,Product,Original OG Can/4 Pack,"<p>**Pick-up ONLY. No Shipping available at this time for Cold Brew.</p><p>&nbsp;</p><p>Our Super Smooth, ORIGINAL OG, Refreshing Cold Brew </p><p>&nbsp;</p><p>	Brewed with our Organic Guatemala Flor De Cafe Coffee</p><p>	Convenient, Ready to Drink.</p><p>	11 oz can</p><p>	Available: 4 Pack or Single </p><p>	Get your Boast Cold Brew Fix and Enjoy</p>",d59a0c_191030f9eba045f98fb236a0aea2b73e~mv2.jpg;d59a0c_23737e69affb4287abe93a56ddc9c919~mv2.jpg;d59a0c_d5efac0a7bad4acfaea7595bceae611f~mv2.jpg,Cold Brew,,Pick-Up & Local Delivery Only,19.0,,false,PERCENT,0.0,InStock,,,Type,DROP_DOWN,4-Pack;Single;Decaf 4-Pack;Decaf Single,,,,,,,,,,,,,,,,Local Pick-up OR Delivery Only,"<p>This product is available for pick up at the Boast Roastery or Local Delivery.</p>

<p>&nbsp;</p>

<p><strong>***Free Local Delivery min for online orders:&nbsp;$45&nbsp;and up***</strong></p>

<p>(Local Delivery: Within a 20 mi radius of Boast San Jose Roastery)&nbsp;</p>

<p>&nbsp;</p>

<p><em>No Shipping available at this time.</em></p>

<p>- - - - - - - - - - - - - - - - - -</p>
",,,,,,,,,,,,,,,,,
product_0bee4d2d-485b-17b7-650d-5ae8657920be,Variant,,,,,,,,,true,,,InStock,,,,,4-Pack,,,,,,,,,,,,,,,,,,,,,,,,,,,,,,,,,,
product_0bee4d2d-485b-17b7-650d-5ae8657920be,Variant,,,,,,,,-14.0,true,,,InStock,,,,,Single,,,,,,,,,,,,,,,,,,,,,,,,,,,,,,,,,,
product_0bee4d2d-485b-17b7-650d-5ae8657920be,Variant,,,,,,,,-12.75,false,,,OutOfStock,,,,,Decaf Single,,,,,,,,,,,,,,,,,,,,,,,,,,,,,,,,,,
product_0bee4d2d-485b-17b7-650d-5ae8657920be,Variant,,,,,,,,1.0,false,,,OutOfStock,,,,,Decaf 4-Pack,,,,,,,,,,,,,,,,,,,,,,,,,,,,,,,,,,
product_00333705-2f5a-5a10-616f-5185d9a87b9b,Product,"Peru, Lonya Grande","<p>** To fully experience all the wonderful flavor notes, Light or Medium Roast is recommended **</p><p>(Weekly Roast days: Monday &amp; Thursday)</p><p>&nbsp;</p><p>Certifications: Fair Trade, Organic</p><p>Tasting Notes:&nbsp;Apple, Pear, Walnut, Chocolate</p><p>&nbsp;</p><p>Origin: Peru</p><p>Region: Lonya Grande district,&nbsp;Chirinos,&nbsp;Amazonas region</p><p>- - - - - - - - - - - - - - - - - - - - - - - - -&nbsp;</p><p>Producer: NORCAFE cooperative,&nbsp;includes more than 250 small scale farmers</p><p>Processing: Washed</p><p>Coffee Grade:&nbsp;PER CA WA SHB MCM G1</p><p>Variety: Caturra, Bourbon, and Typica</p><p>Growing Altitude: 1500-1800</p><p>Top Lots: Highest Scoring Spots</p><p>&nbsp;</p><p>&nbsp;</p>",d59a0c_a5abb6813c784c2eac52c93a39cad4cf~mv2_d_2250_1500_s_2.jpg;d59a0c_8535a82db60b4faaba0cdf6d575a1583~mv2_d_2623_2623_s_4_2.jpg;d59a0c_19f86edeff8a48eda16986b099963097~mv2.jpg,Coffee Beans,,,11.99,,false,PERCENT,0.0,InStock,,,Roast,DROP_DOWN,Light;Medium,Type,DROP_DOWN,Whole Bean;Ground,Size,DROP_DOWN,10 oz;16 oz;5 lbs (11%Savings),,,,,,,,,,,,,,,,,,,,,,,,,,,,
product_00333705-2f5a-5a10-616f-5185d9a87b9b,Variant,,,,,,,,,true,,,InStock,0.625,,,,Light,,,Whole Bean,,,10 oz,,,,,,,,,,,,,,,,,,,,,,,,,,,,
product_00333705-2f5a-5a10-616f-5185d9a87b9b,Variant,,,,,,,,,true,,,InStock,0.625,,,,Light,,,Ground,,,10 oz,,,,,,,,,,,,,,,,,,,,,,,,,,,,
product_00333705-2f5a-5a10-616f-5185d9a87b9b,Variant,,,,,,,,,true,,,InStock,0.625,,,,Medium,,,Whole Bean,,,10 oz,,,,,,,,,,,,,,,,,,,,,,,,,,,,
product_00333705-2f5a-5a10-616f-5185d9a87b9b,Variant,,,,,,,,,true,,,InStock,0.625,,,,Medium,,,Ground,,,10 oz,,,,,,,,,,,,,,,,,,,,,,,,,,,,
product_00333705-2f5a-5a10-616f-5185d9a87b9b,Variant,,,,,,,,7.19,true,,,InStock,1.0,,,,Light,,,Whole Bean,,,16 oz,,,,,,,,,,,,,,,,,,,,,,,,,,,,
product_00333705-2f5a-5a10-616f-5185d9a87b9b,Variant,,,,,,,,7.19,true,,,InStock,1.0,,,,Light,,,Ground,,,16 oz,,,,,,,,,,,,,,,,,,,,,,,,,,,,
product_00333705-2f5a-5a10-616f-5185d9a87b9b,Variant,,,,,,,,7.19,true,,,InStock,1.0,,,,Medium,,,Whole Bean,,,16 oz,,,,,,,,,,,,,,,,,,,,,,,,,,,,
product_00333705-2f5a-5a10-616f-5185d9a87b9b,Variant,,,,,,,,7.19,true,,,InStock,1.0,,,,Medium,,,Ground,,,16 oz,,,,,,,,,,,,,,,,,,,,,,,,,,,,
product_00333705-2f5a-5a10-616f-5185d9a87b9b,Variant,,,,,,,,73.37,true,,,InStock,5.0,,,,Light,,,Whole Bean,,,5 lbs (11%Savings),,,,,,,,,,,,,,,,,,,,,,,,,,,,
product_00333705-2f5a-5a10-616f-5185d9a87b9b,Variant,,,,,,,,,false,,,InStock,,,,,Light,,,Ground,,,5 lbs (11%Savings),,,,,,,,,,,,,,,,,,,,,,,,,,,,
product_00333705-2f5a-5a10-616f-5185d9a87b9b,Variant,,,,,,,,73.37,true,,,InStock,5.0,,,,Medium,,,Whole Bean,,,5 lbs (11%Savings),,,,,,,,,,,,,,,,,,,,,,,,,,,,
product_00333705-2f5a-5a10-616f-5185d9a87b9b,Variant,,,,,,,,,false,,,InStock,,,,,Medium,,,Ground,,,5 lbs (11%Savings),,,,,,,,,,,,,,,,,,,,,,,,,,,,
product_98ededec-1775-9524-f454-b7630704efe9,Product,Cold Brew - Bottle/4 Pack,"<p>**Pick-up OR&nbsp;Local Delivery ONLY. No Shipping available at this time.</p><p>(Local Delivery Min =&nbsp;$40+ and within a 20 mi radius of Boast San Jose Roastery)** &nbsp;&nbsp;</p><p>&nbsp;</p><p>Smooth, Refreshing Cold Brew&nbsp;</p><p>&nbsp;</p><ul>	<li>Convenient,&nbsp;Ready to Drink.</li>	<li>12 oz Bottle</li>	<li>Available:&nbsp;4 Pack or Single</li>	<li>Get your Boast Cold Brew Fix&nbsp;and Enjoy today!</li></ul><p>&nbsp;</p><p>&nbsp;</p>",d59a0c_65488a1c2cc44b51996019a198b045e2~mv2.jpg;d59a0c_356d8a62d75948b78e82399cc2e477aa~mv2.jpg;d59a0c_db6a4a0a3f244446ba8d52a4828ceb50~mv2.jpg,Cold Brew,,Pick-Up & Local Delivery Only,17.0,,false,PERCENT,0.0,InStock,,,Type,DROP_DOWN,4-Pack;Single,,,,,,,,,,,,,,,,Local Pick-up OR Delivery Only,"<p>This product is available for pick up at the Boast Roastery or Local Delivery.</p>

<p>&nbsp;</p>

<p><strong>***Free Local Delivery for online orders of $40 and up***</strong></p>

<p>(Local Delivery: Within a 20 mi radius of Boast San Jose Roastery)&nbsp;</p>

<p>&nbsp;</p>

<p><em>No Shipping available at this time.</em></p>

<p>- - - - - - - - - - - - - - - - - -</p>
",,,,,,,,,,,,,,,,,
product_98ededec-1775-9524-f454-b7630704efe9,Variant,,,,,,,,,true,,,InStock,,,,,4-Pack,,,,,,,,,,,,,,,,,,,,,,,,,,,,,,,,,,
product_98ededec-1775-9524-f454-b7630704efe9,Variant,,,,,,,,-12.25,true,,,InStock,,,,,Single,,,,,,,,,,,,,,,,,,,,,,,,,,,,,,,,,,
product_2cee9ded-a1ab-752b-35a3-c610bb79328c,Product,The Gift - Holiday Blend,"<p>The PERFECT 🎁 Gift - We've blended our Mexico Chiapas Tzeltal, Guatemala Santa Isabel Natural Santa Isabel Gem Series, and  Guatemala FTO Honey Joyabaj Tres Cruces to make a delicious Blend that is perfect for the Holiday ⛄️ Season. An Awesome Coffee and Gift for all!</p><p>&nbsp;</p><p>Tasting Notes: Berry Cobbler, Chocolate, Whip Cream</p><p>&nbsp;</p><p>Blend: 70% Honey Guatemala+ 20% Natural Guatemala + 10% Mexico  Washed</p><p>&nbsp;</p><p>Guatemala - Natural and Honey Process - Mexico Washed</p><p>- - - - - - - - - - - - - - - - - - - - - </p><p>Top Lots: Highest Scoring Spots</p>",d59a0c_039ab5d938474f3099bd39988200e8d5~mv2.png;d59a0c_a5abb6813c784c2eac52c93a39cad4cf~mv2_d_2250_1500_s_2.jpg;d59a0c_3361bfba6a56415a8fef51c1f033fcd4~mv2.jpg;d59a0c_8535a82db60b4faaba0cdf6d575a1583~mv2_d_2623_2623_s_4_2.jpg,Coffee Beans,,Holiday Release,19.75,,false,PERCENT,0.0,InStock,,,Type,DROP_DOWN,Whole Bean;Ground,Size,DROP_DOWN,10 oz,,,,,,,,,,,,,,,,,,,,,,,,,,,,,,,
product_2cee9ded-a1ab-752b-35a3-c610bb79328c,Variant,,,,,,,,,true,,,OutOfStock,0.8,,,,Whole Bean,,,10 oz,,,,,,,,,,,,,,,,,,,,,,,,,,,,,,,
product_2cee9ded-a1ab-752b-35a3-c610bb79328c,Variant,,,,,,,,,true,,,OutOfStock,0.8,,,,Ground,,,10 oz,,,,,,,,,,,,,,,,,,,,,,,,,,,,,,,
product_a7a53529-b471-8362-37e9-96bd1069e365,Product,Insulated Coffee Flask - 12 oz HydroFlask,"<p>12 ounces of instant ""morning person.""</p><p>Early morning adventures are better with our 12 oz Coffee Flask along for the ride. TempShield™ double wall insulation keeps your iced coffee cold for up to 24 hours or your hot dose of caffeine hot for up to 6.&nbsp;</p><p>&nbsp;</p><p>Boast Logo Custom Engraved - Available in 5 different colors</p><p>&nbsp;</p><p><strong>Product Benefits</strong></p><ul>	<li>Fits under most coffee brewing systems</li>	<li>Use as a small at most coffee shops for less paper cup waste</li>	<li>TempShield™ insulation keeps beverages cold up to 24 hours and hot up to 6 hours</li>	<li>Durable 18/8 Pro-Grade Stainless Steel construction</li>	<li>BPA-Free and Phthalate-Free</li></ul>",d59a0c_06c779c12b5744aebb7b1a4e10e0747c~mv2_d_3024_2765_s_4_2.jpg;d59a0c_28a7ff58cefb461e8ae04b76593de55a~mv2_d_4032_3024_s_4_2.jpg;d59a0c_8d9115ec05e64b538f1c577ef7120279~mv2_d_3024_4032_s_4_2.jpg;d59a0c_d260d58e018a40d4a0ff36d8d49e7bfe~mv2_d_3024_3558_s_4_2.jpg;d59a0c_8a648841ca8e48799da0861d16a616a3~mv2_d_2567_3132_s_4_2.jpg,Swag,,,25.0,,false,PERCENT,0.0,0,,,Color,COLOR,#000000:Black;#ffffff:White;#000080:Navy;#F15825:Lava;#4DC4F7:Pacific,,,,,,,,,,,,,,,,,,,,,,,,,,,,,,,,,,
product_a7a53529-b471-8362-37e9-96bd1069e365,Variant,,,,,,,,,true,,,1,,,,,#000000:Black,,,,,,,,,,,,,,,,,,,,,,,,,,,,,,,,,,
product_a7a53529-b471-8362-37e9-96bd1069e365,Variant,,,,,,,,,true,,,1,,,,,#ffffff:White,,,,,,,,,,,,,,,,,,,,,,,,,,,,,,,,,,
product_a7a53529-b471-8362-37e9-96bd1069e365,Variant,,,,,,,,,true,,,0,,,,,#000080:Navy,,,,,,,,,,,,,,,,,,,,,,,,,,,,,,,,,,
product_a7a53529-b471-8362-37e9-96bd1069e365,Variant,,,,,,,,,true,,,2,,,,,#F15825:Lava,,,,,,,,,,,,,,,,,,,,,,,,,,,,,,,,,,
product_a7a53529-b471-8362-37e9-96bd1069e365,Variant,,,,,,,,,true,,,0,,,,,#4DC4F7:Pacific,,,,,,,,,,,,,,,,,,,,,,,,,,,,,,,,,,
product_a9234d25-97aa-8ed9-7d2c-fa64612ced2e,Product,Boast Original Dad Hat,<p>Original Boast Est. 2017 - Embroidered Dad Hat&nbsp;Cap</p><p>&nbsp;</p><p>Adjustable&nbsp;back. One size fits all.</p><p>&nbsp;</p><p>Available in 3 Colors.</p>,d59a0c_4d0c0f8e0e9849a1b9ff1bf857f33fda~mv2_d_2191_2441_s_2.jpg;d59a0c_e4c166352d0b48e9a5429da4470c0585~mv2_d_3024_4032_s_4_2.jpg;d59a0c_c63c55072ff94a6ba3516d5c03a83fae~mv2_d_3024_4032_s_4_2.jpg;d59a0c_8070f9c8bee84b7f86774d37ee913f95~mv2_d_3024_4032_s_4_2.jpg,Swag,,,25.0,,false,PERCENT,0.0,0,,,Color,COLOR,#073763:Navy Blue;#6d6868:Charcoal Gray;#000000:Black,,,,,,,,,,,,,,,,,,,,,,,,,,,,,,,,,,
product_a9234d25-97aa-8ed9-7d2c-fa64612ced2e,Variant,,,,,,,,,true,,,2,1.01,,,,#073763:Navy Blue,,,,,,,,,,,,,,,,,,,,,,,,,,,,,,,,,,
product_a9234d25-97aa-8ed9-7d2c-fa64612ced2e,Variant,,,,,,,,,true,,,2,1.01,,,,#6d6868:Charcoal Gray,,,,,,,,,,,,,,,,,,,,,,,,,,,,,,,,,,
product_a9234d25-97aa-8ed9-7d2c-fa64612ced2e,Variant,,,,,,,,,true,,,2,1.01,,,,#000000:Black,,,,,,,,,,,,,,,,,,,,,,,,,,,,,,,,,,
product_e0276986-947c-2db9-7dd6-9bf7a9761510,Product,Level Up Blend,"<p>** To fully experience all the wonderful flavor notes, Light or Medium Roast is recommended ** &nbsp;</p><p>(Weekly Roast days: Monday )</p><p>&nbsp;</p><p>Certifications: Fair Trade USA, Organic USDA</p><p>Tasting Notes:&nbsp;Chocolate, Cherry, Almond,&nbsp;Brown Sugar, Orange</p><p>&nbsp;</p><p>Origin: Peru &amp; Guatemala</p><p>- - - - - - - - - - - - - - - - - - - - -&nbsp;</p><p>Producer: Peru Cajamarca&nbsp;&amp;&nbsp;Guatemala Cimarron</p><p>&nbsp;</p><p>&nbsp;</p><p>&nbsp;</p>",d59a0c_a5abb6813c784c2eac52c93a39cad4cf~mv2_d_2250_1500_s_2.jpg;d59a0c_8535a82db60b4faaba0cdf6d575a1583~mv2_d_2623_2623_s_4_2.jpg,Coffee Beans,,,18.0,,false,PERCENT,0.0,InStock,,,Roast,DROP_DOWN,Light;Medium,Type,DROP_DOWN,Whole Bean;Ground,Size,DROP_DOWN,10 oz;16 oz;5 lbs (11%Savings),,,,,,,,,,,,,,,,,,,,,,,,,,,,
product_e0276986-947c-2db9-7dd6-9bf7a9761510,Variant,,,,,,,,,true,,,InStock,0.625,,,,Light,,,Whole Bean,,,10 oz,,,,,,,,,,,,,,,,,,,,,,,,,,,,
product_e0276986-947c-2db9-7dd6-9bf7a9761510,Variant,,,,,,,,,true,,,InStock,0.625,,,,Light,,,Ground,,,10 oz,,,,,,,,,,,,,,,,,,,,,,,,,,,,
product_e0276986-947c-2db9-7dd6-9bf7a9761510,Variant,,,,,,,,,true,,,InStock,0.625,,,,Medium,,,Whole Bean,,,10 oz,,,,,,,,,,,,,,,,,,,,,,,,,,,,
product_e0276986-947c-2db9-7dd6-9bf7a9761510,Variant,,,,,,,,,true,,,InStock,0.625,,,,Medium,,,Ground,,,10 oz,,,,,,,,,,,,,,,,,,,,,,,,,,,,
product_e0276986-947c-2db9-7dd6-9bf7a9761510,Variant,,,,,,,,10.75,true,,,InStock,1.0,,,,Light,,,Whole Bean,,,16 oz,,,,,,,,,,,,,,,,,,,,,,,,,,,,
product_e0276986-947c-2db9-7dd6-9bf7a9761510,Variant,,,,,,,,10.75,true,,,InStock,1.0,,,,Light,,,Ground,,,16 oz,,,,,,,,,,,,,,,,,,,,,,,,,,,,
product_e0276986-947c-2db9-7dd6-9bf7a9761510,Variant,,,,,,,,10.75,true,,,InStock,1.0,,,,Medium,,,Whole Bean,,,16 oz,,,,,,,,,,,,,,,,,,,,,,,,,,,,
product_e0276986-947c-2db9-7dd6-9bf7a9761510,Variant,,,,,,,,10.75,true,,,InStock,1.0,,,,Medium,,,Ground,,,16 oz,,,,,,,,,,,,,,,,,,,,,,,,,,,,
product_e0276986-947c-2db9-7dd6-9bf7a9761510,Variant,,,,,,,,110.15,true,,,InStock,5.0,,,,Light,,,Whole Bean,,,5 lbs (11%Savings),,,,,,,,,,,,,,,,,,,,,,,,,,,,
product_e0276986-947c-2db9-7dd6-9bf7a9761510,Variant,,,,,,,,,false,,,InStock,,,,,Light,,,Ground,,,5 lbs (11%Savings),,,,,,,,,,,,,,,,,,,,,,,,,,,,
product_e0276986-947c-2db9-7dd6-9bf7a9761510,Variant,,,,,,,,110.15,true,,,InStock,5.0,,,,Medium,,,Whole Bean,,,5 lbs (11%Savings),,,,,,,,,,,,,,,,,,,,,,,,,,,,
product_e0276986-947c-2db9-7dd6-9bf7a9761510,Variant,,,,,,,,,false,,,InStock,,,,,Medium,,,Ground,,,5 lbs (11%Savings),,,,,,,,,,,,,,,,,,,,,,,,,,,,
product_d84e463c-5ed8-7188-25dc-b25bb7e631b5,Product,Level Up - Single Serve Coffee,"<p>**SPECIAL&nbsp;- Adventure SALE&nbsp;Price**</p><p>&nbsp;</p><p>Time to Level Up ⬆️🆙 your Coffee game! &nbsp;So&nbsp;convenient!</p><p>&nbsp;</p><p>Just add water--&nbsp;Specialty Coffee ☕️ on the go 🏃🏽‍♂️never tasted so good!</p><p>&nbsp;</p><p>Excited to Enjoy Delicious Fresh Coffee ☕️ anytime, any where!</p><p>&nbsp;</p><p>After months of research &amp; testing 🧪🔬 we are proud to introduce our Boast ⚡️Steeped Single Serve Coffee packs!!</p><p>&nbsp;</p><p>Thanks 👏🏽to @steepedcoffee for partnering with us + their awesome innovation: Nitro sealing the coffee packs to keep everything Super ⚡️Fresh!</p>",d59a0c_46dc581edc854860a5336d23cdb7ab51~mv2_d_3024_3024_s_4_2.jpg;d59a0c_a3a7936df68b484cbbc042cb60af4f64~mv2_d_3024_3248_s_4_2.jpg;d59a0c_06a6c34980944675aba2f3c997816fea~mv2.png;d59a0c_90942bf85fa6436baa831a21e943e4d6~mv2_d_2512_2986_s_4_2.jpg;d59a0c_0d60c0e8b35f4f1db3aa030b42f968e0~mv2_d_3024_4032_s_4_2.jpg,Steeped,,Back in Stock - SALE,2.5,,true,AMOUNT,0.25,InStock,0.25,,,,,,,,,,,,,,,,,,,,,,,,,,,,,,,,,,,,,,
product_3867c38d-0b2c-ae81-3ef4-152cb126ac1c,Product,Level Up - Adventure 20 Pack,"<p>**SALE - 20 Pack&nbsp;Adventure Sale**&nbsp;</p><p>&nbsp;</p><p>Time to Level Up ⬆️🆙 your Coffee game! &nbsp;So&nbsp;convenient!</p><p>&nbsp;</p><p>Just add water--&nbsp;Specialty Coffee ☕️ on the go 🏃🏽‍♂️never tasted so good!</p><p>&nbsp;</p><p>Excited to Enjoy Delicious Fresh Coffee ☕️ anytime, any where!</p><p>&nbsp;</p><p>After months of research &amp; testing 🧪🔬 we are proud to introduce our Boast ⚡️Steeped Single Serve Coffee packs!!</p><p>&nbsp;</p><p>Thanks 👏🏽to @steepedcoffee for partnering with us + their awesome innovation: Nitro sealing the coffee packs to keep everything Super ⚡️Fresh!</p>",d59a0c_2952130465dc41a4b29b4b019d76fb78~mv2_d_2705_2193_s_2.png;d59a0c_8195b1571f874d3a855d51a61cb62358~mv2_d_3000_2893_s_4_2.jpg;d59a0c_5237302311f64112a2676dcd0bbb708f~mv2_d_2578_3000_s_4_2.jpg;d59a0c_06a6c34980944675aba2f3c997816fea~mv2.png,Steeped,,Back in Stock - SALE,43.0,,true,AMOUNT,5.0,InStock,0.5,,,,,,,,,,,,,,,,,,,,,,,,,,,,,,,,,,,,,,
product_a6a9bebd-f56f-828d-b941-e9463cb282a7,Product,Boast Original Embroidered Stitch Cap,<p>Original Boast Est. 2017 - Embroidered Stitch Cap</p><p>&nbsp;</p><p>Snapback hat with mesh back. One size fits all.</p><p>&nbsp;</p><p>Available in 3 Colors.</p>,d59a0c_eccbce5a8bf74e0db2d8f6ed67c5c1ab~mv2_d_3910_2930_s_4_2.jpg;d59a0c_d9f6098d6da647948e95e720783b080d~mv2_d_3327_2931_s_4_2.jpg;d59a0c_a46a930255fc4885b88d8ad74de9cf28~mv2_d_3262_3024_s_4_2.jpg;d59a0c_93f97662ea1a430dbb8258fa84230b2c~mv2_d_4032_3024_s_4_2.jpg,Swag,,,25.0,,false,PERCENT,0.0,0,,,Color,COLOR,#073763:Navy Blue;#6d6868:Charcoal Gray;#000000:Black/White,,,,,,,,,,,,,,,,,,,,,,,,,,,,,,,,,,
product_a6a9bebd-f56f-828d-b941-e9463cb282a7,Variant,,,,,,,,,true,,,0,1.01,,,,#073763:Navy Blue,,,,,,,,,,,,,,,,,,,,,,,,,,,,,,,,,,
product_a6a9bebd-f56f-828d-b941-e9463cb282a7,Variant,,,,,,,,,true,,,0,1.01,,,,#6d6868:Charcoal Gray,,,,,,,,,,,,,,,,,,,,,,,,,,,,,,,,,,
product_a6a9bebd-f56f-828d-b941-e9463cb282a7,Variant,,,,,0,,,,true,,,0,1.01,,,,#000000:Black/White,,,,,,,,,,,,,,,,,,,,,,,,,,,,,,,,,,
product_9a754e1c-b7a2-10b9-2428-534c69b2d511,Product,Cold Brew Growler - 32 oz,"<p>Smooth, Refreshing Cold Brew fresh off the tap.</p><p>&nbsp;</p><ul>	<li>Convenient,&nbsp;Ready to Drink.</li>	<li>Easy to store, Refillable**&nbsp;</li>	<li>Refills for&nbsp;only $10, must provide own 32&nbsp;oz. growler for Refills</li>	<li>Take one Home and Enjoy today!</li></ul><p>&nbsp;</p><p>&nbsp;</p>",d59a0c_5dc6498ab03648c498014068e6cad536~mv2_d_2781_3475_s_4_2.jpg;d59a0c_d41f5dbb29784ef18be16d8fc8288bc7~mv2_d_1287_1493_s_2.jpg;d59a0c_d4f8a3cbcdb74651a7c50e0bb3676ef4~mv2_d_8000_8000_s_4_2.jpg,Cold Brew,,Pick-Up & Local Delivery Only,15.0,,false,PERCENT,0.0,0,,,Color,COLOR,#cccccc:Clear growler;#8a4600:Amber Growler,New or Refill,DROP_DOWN,New;Refill Only,,,,,,,,,,,,,Local Pick-up & Delivery Only,"<p>This product is available for pick up at the Boast Roastery or Local Delivery.</p>

<p>&nbsp;</p>

<p><strong>***Free Local Delivery for online orders of $40 and up***</strong></p>

<p>&nbsp;</p>

<p><em>No Shipping available at this time.</em></p>

<p>- - - - - - - - - - - - - - - - - -</p>

<p>**Refills:&nbsp;Must provide own 32&nbsp;oz. growler&nbsp;**</p>
",,,,,,,,,,,,,,,,,
product_9a754e1c-b7a2-10b9-2428-534c69b2d511,Variant,,,,,,,,,false,,,1,,,,,#cccccc:Clear growler,,,New,,,,,,,,,,,,,,,,,,,,,,,,,,,,,,,
product_9a754e1c-b7a2-10b9-2428-534c69b2d511,Variant,,,,,,,,-5.0,false,,,4,,,,,#cccccc:Clear growler,,,Refill Only,,,,,,,,,,,,,,,,,,,,,,,,,,,,,,,
product_9a754e1c-b7a2-10b9-2428-534c69b2d511,Variant,,,,,,,,,true,,,7,,,,,#8a4600:Amber Growler,,,New,,,,,,,,,,,,,,,,,,,,,,,,,,,,,,,
product_9a754e1c-b7a2-10b9-2428-534c69b2d511,Variant,,,,,,,,-5.0,true,,,7,,,,,#8a4600:Amber Growler,,,Refill Only,,,,,,,,,,,,,,,,,,,,,,,,,,,,,,,
product_6c4c2954-97d1-3131-62be-b6d1dd4a94e2,Product,Cold Brew Growler - 64 oz,"<p>**Pick-up ONLY. No Shipping available at this time.</p><p>&nbsp;</p><p>Smooth, Refreshing Cold Brew fresh off the tap. </p><p>Take some Home and Enjoy today!</p><p></p><p>	Convenient, Ready to Drink.</p><p>	Easy to store, Refillable**</p><p>	Must provide own 64oz Growler for Refills</p>",d59a0c_7383d07d904d4467ae54cb0bf25b42e9~mv2.jpg;d59a0c_5df9be711698499fa885ffd82b1e4f9c~mv2.jpg;d59a0c_d4f8a3cbcdb74651a7c50e0bb3676ef4~mv2_d_8000_8000_s_4_2.jpg;d59a0c_5dc6498ab03648c498014068e6cad536~mv2_d_2781_3475_s_4_2.jpg;d59a0c_ceba9d20a91a4c7585b89935475cf1f4~mv2_d_4032_3024_s_4_2.jpg,Cold Brew,,,21.0,,true,PERCENT,0.0,InStock,,,Size,DROP_DOWN,64 oz,New or Refill,DROP_DOWN,New;Refill (Pick-up Only),,,,,,,,,,,,,,,,,,,,,,,,,,,,,,,
product_6c4c2954-97d1-3131-62be-b6d1dd4a94e2,Variant,,,,,,,,5.0,true,,,InStock,,,,,64 oz,,,New,,,,,,,,,,,,,,,,,,,,,,,,,,,,,,,
product_6c4c2954-97d1-3131-62be-b6d1dd4a94e2,Variant,,,,,,,,,true,,,InStock,,,,,64 oz,,,Refill (Pick-up Only),,,,,,,,,,,,,,,,,,,,,,,,,,,,,,,
product_fd6a7784-263f-3114-c679-628688fb7fc4,Product,"Peru, Puno","<p>** To fully experience all the wonderful flavor notes, Light or Medium Roast is recommended **</p><p>(Weekly Roast days: Monday &amp; Friday)</p><p>&nbsp;</p><p>Certifications: Fair Trade, Organic</p><p>Tasting Notes:&nbsp;Dark chocolate, apple, cherry, blackberry</p><p>&nbsp;</p><p>Origin: Peru</p><p>Region: Puno</p><p>- - - - - - - - - - - - - - - - - - - - - - - - -&nbsp;</p><p>Producer:&nbsp;The CECOVASA, Sandia Valley</p><p>Processing: Washed, Patio dried</p><p>Coffee Grade: SHB EP</p><p>Variety: Caturra, Bourbon, and Typica</p><p>Growing Altitude: 1500-1800</p><p>Top Lots: Highest Scoring Spots</p><p>&nbsp;</p><p>&nbsp;</p>",d59a0c_a5abb6813c784c2eac52c93a39cad4cf~mv2_d_2250_1500_s_2.jpg;d59a0c_8535a82db60b4faaba0cdf6d575a1583~mv2_d_2623_2623_s_4_2.jpg,Coffee Beans,,Sold Out,10.95,,false,PERCENT,0.0,InStock,,,Roast,DROP_DOWN,Light;Medium,Type,DROP_DOWN,Whole Bean;Ground,Size,DROP_DOWN,10 oz;16 oz;5 lbs,,,,,,,,,,,,,,,,,,,,,,,,,,,,
product_fd6a7784-263f-3114-c679-628688fb7fc4,Variant,,,,,,,,,true,,,OutOfStock,0.625,,,,Light,,,Whole Bean,,,10 oz,,,,,,,,,,,,,,,,,,,,,,,,,,,,
product_fd6a7784-263f-3114-c679-628688fb7fc4,Variant,,,,,,,,,true,,,OutOfStock,0.625,,,,Light,,,Ground,,,10 oz,,,,,,,,,,,,,,,,,,,,,,,,,,,,
product_fd6a7784-263f-3114-c679-628688fb7fc4,Variant,,,,,,,,,true,,,OutOfStock,0.625,,,,Medium,,,Whole Bean,,,10 oz,,,,,,,,,,,,,,,,,,,,,,,,,,,,
product_fd6a7784-263f-3114-c679-628688fb7fc4,Variant,,,,,,,,,true,,,OutOfStock,0.625,,,,Medium,,,Ground,,,10 oz,,,,,,,,,,,,,,,,,,,,,,,,,,,,
product_fd6a7784-263f-3114-c679-628688fb7fc4,Variant,,,,,,,,6.57,true,,,OutOfStock,1.0,,,,Light,,,Whole Bean,,,16 oz,,,,,,,,,,,,,,,,,,,,,,,,,,,,
product_fd6a7784-263f-3114-c679-628688fb7fc4,Variant,,,,,,,,6.57,true,,,OutOfStock,1.0,,,,Light,,,Ground,,,16 oz,,,,,,,,,,,,,,,,,,,,,,,,,,,,
product_fd6a7784-263f-3114-c679-628688fb7fc4,Variant,,,,,,,,6.57,true,,,OutOfStock,1.0,,,,Medium,,,Whole Bean,,,16 oz,,,,,,,,,,,,,,,,,,,,,,,,,,,,
product_fd6a7784-263f-3114-c679-628688fb7fc4,Variant,,,,,,,,6.57,true,,,OutOfStock,1.0,,,,Medium,,,Ground,,,16 oz,,,,,,,,,,,,,,,,,,,,,,,,,,,,
product_fd6a7784-263f-3114-c679-628688fb7fc4,Variant,,,,,,,,67.89,true,,,OutOfStock,5.0,,,,Light,,,Whole Bean,,,5 lbs,,,,,,,,,,,,,,,,,,,,,,,,,,,,
product_fd6a7784-263f-3114-c679-628688fb7fc4,Variant,,,,,,,,67.89,false,,,OutOfStock,5.0,,,,Light,,,Ground,,,5 lbs,,,,,,,,,,,,,,,,,,,,,,,,,,,,
product_fd6a7784-263f-3114-c679-628688fb7fc4,Variant,,,,,,,,67.89,true,,,OutOfStock,5.0,,,,Medium,,,Whole Bean,,,5 lbs,,,,,,,,,,,,,,,,,,,,,,,,,,,,
product_fd6a7784-263f-3114-c679-628688fb7fc4,Variant,,,,,,,,67.89,false,,,OutOfStock,5.0,,,,Medium,,,Ground,,,5 lbs,,,,,,,,,,,,,,,,,,,,,,,,,,,,
product_602b63be-0e72-5ae1-1509-48862c3cc787,Product,"Ethiopia, Limmu","<p>** To fully experience all the wonderful flavor notes, Light or Medium Roast is recommended **</p><p>&nbsp;</p><p>Certifications: Organic USDA</p><p>Tasting Notes:&nbsp;Juicy Red Fruits, Mild Citrus, Floral, Silky Full Body</p><p>&nbsp;</p><p>Origin: Ethiopia</p><p>Region: Limmu</p><p>- - - - - - - - - - - - - - - - - - - - -&nbsp;</p><p>Producer:&nbsp;Burka Gudina Estate</p><p>Processing: Natural/Dry Processed</p><p>Coffee Grade: Grade 3</p><p>Variety: Ethiopian Heirloom</p><p>Growing Altitude&nbsp;&gt;1800m</p><p>Top Lots: Highest Scoring Spots</p><p>&nbsp;</p><p>&nbsp;</p>",d59a0c_a5abb6813c784c2eac52c93a39cad4cf~mv2_d_2250_1500_s_2.jpg,Coffee Beans,,,11.7,,false,PERCENT,0.0,InStock,,,Roast,DROP_DOWN,Light;Medium;Dark,Type,DROP_DOWN,Whole Bean;Ground,Size,DROP_DOWN,10 oz;16 oz,,,,,,,,,,,,,,,,,,,,,,,,,,,,
product_602b63be-0e72-5ae1-1509-48862c3cc787,Variant,,,,,,,,,true,,,InStock,0.625,,,,Light,,,Whole Bean,,,10 oz,,,,,,,,,,,,,,,,,,,,,,,,,,,,
product_602b63be-0e72-5ae1-1509-48862c3cc787,Variant,,,,,,,,,true,,,InStock,0.625,,,,Light,,,Ground,,,10 oz,,,,,,,,,,,,,,,,,,,,,,,,,,,,
product_602b63be-0e72-5ae1-1509-48862c3cc787,Variant,,,,,,,,,true,,,InStock,0.625,,,,Medium,,,Whole Bean,,,10 oz,,,,,,,,,,,,,,,,,,,,,,,,,,,,
product_602b63be-0e72-5ae1-1509-48862c3cc787,Variant,,,,,,,,,true,,,InStock,0.625,,,,Medium,,,Ground,,,10 oz,,,,,,,,,,,,,,,,,,,,,,,,,,,,
product_602b63be-0e72-5ae1-1509-48862c3cc787,Variant,,,,,,,,,true,,,InStock,0.625,,,,Dark,,,Whole Bean,,,10 oz,,,,,,,,,,,,,,,,,,,,,,,,,,,,
product_602b63be-0e72-5ae1-1509-48862c3cc787,Variant,,,,,,,,,true,,,InStock,0.625,,,,Dark,,,Ground,,,10 oz,,,,,,,,,,,,,,,,,,,,,,,,,,,,
product_602b63be-0e72-5ae1-1509-48862c3cc787,Variant,,,,,,,,7.02,true,,,InStock,1.0,,,,Light,,,Whole Bean,,,16 oz,,,,,,,,,,,,,,,,,,,,,,,,,,,,
product_602b63be-0e72-5ae1-1509-48862c3cc787,Variant,,,,,,,,7.02,true,,,InStock,1.0,,,,Light,,,Ground,,,16 oz,,,,,,,,,,,,,,,,,,,,,,,,,,,,
product_602b63be-0e72-5ae1-1509-48862c3cc787,Variant,,,,,,,,7.02,true,,,InStock,1.0,,,,Medium,,,Whole Bean,,,16 oz,,,,,,,,,,,,,,,,,,,,,,,,,,,,
product_602b63be-0e72-5ae1-1509-48862c3cc787,Variant,,,,,,,,7.02,true,,,InStock,1.0,,,,Medium,,,Ground,,,16 oz,,,,,,,,,,,,,,,,,,,,,,,,,,,,
product_602b63be-0e72-5ae1-1509-48862c3cc787,Variant,,,,,,,,7.02,true,,,InStock,1.0,,,,Dark,,,Whole Bean,,,16 oz,,,,,,,,,,,,,,,,,,,,,,,,,,,,
product_602b63be-0e72-5ae1-1509-48862c3cc787,Variant,,,,,,,,7.02,true,,,InStock,1.0,,,,Dark,,,Ground,,,16 oz,,,,,,,,,,,,,,,,,,,,,,,,,,,,
product_310c780a-a448-d60b-5083-9b4b12c90c0d,Product,"Guatemala, Cimarron","<p>** To fully experience all the wonderful flavor notes, Light or Medium Roast is recommended **</p><p>(Weekly Roast day: Monday )</p><p>&nbsp;</p><p>Certifications: Fair Trade USA, Organic USDA</p><p>Tasting Notes:&nbsp;Chocolate, Caramel, Orange Cream</p><p>Dark Vader Notes: Burnt Toffee, Dark Chocolate</p><p>&nbsp;</p><p>Origin: Guatemala</p><p>Region: Hueheutenango</p><p>- - - - - - - - - - - - - - - - - - - - - - - - - - - - - -&nbsp;</p><p>Producer: Asopce</p><p>Processing: Fully washed</p><p>Coffee Grade: SHB</p><p>Variety: Bourbon, Caturra</p><p>Growing Altitude:&nbsp;1900+</p><p>Cupping score: 86</p><p>&nbsp;</p><p>&nbsp;</p>",d59a0c_dd3425a0b3624417aedb9ca04f8dbcaa~mv2.jpg;d59a0c_8535a82db60b4faaba0cdf6d575a1583~mv2_d_2623_2623_s_4_2.jpg,Coffee Beans,,,18.0,,false,PERCENT,0.0,InStock,,,Roast,DROP_DOWN,Light;Medium;Vader (Dark - Perfect for espresso),Type,DROP_DOWN,Whole Bean;Ground,Size,DROP_DOWN,10 oz;16 oz;5 lbs (11%Savings),,,,,,,,,,,,,,,,,,,,,,,,,,,,
product_310c780a-a448-d60b-5083-9b4b12c90c0d,Variant,,,,,,,,,true,,,InStock,0.625,,,,Light,,,Whole Bean,,,10 oz,,,,,,,,,,,,,,,,,,,,,,,,,,,,
product_310c780a-a448-d60b-5083-9b4b12c90c0d,Variant,,,,,,,,,true,,,InStock,0.625,,,,Light,,,Ground,,,10 oz,,,,,,,,,,,,,,,,,,,,,,,,,,,,
product_310c780a-a448-d60b-5083-9b4b12c90c0d,Variant,,,,,,,,,true,,,InStock,0.625,,,,Medium,,,Whole Bean,,,10 oz,,,,,,,,,,,,,,,,,,,,,,,,,,,,
product_310c780a-a448-d60b-5083-9b4b12c90c0d,Variant,,,,,,,,,true,,,InStock,0.625,,,,Medium,,,Ground,,,10 oz,,,,,,,,,,,,,,,,,,,,,,,,,,,,
product_310c780a-a448-d60b-5083-9b4b12c90c0d,Variant,,,,,,,,,true,,,InStock,0.625,,,,Vader (Dark - Perfect for espresso),,,Whole Bean,,,10 oz,,,,,,,,,,,,,,,,,,,,,,,,,,,,
product_310c780a-a448-d60b-5083-9b4b12c90c0d,Variant,,,,,,,,,true,,,InStock,0.625,,,,Vader (Dark - Perfect for espresso),,,Ground,,,10 oz,,,,,,,,,,,,,,,,,,,,,,,,,,,,
product_310c780a-a448-d60b-5083-9b4b12c90c0d,Variant,,,,,,,,10.75,true,,,InStock,1.0,,,,Light,,,Whole Bean,,,16 oz,,,,,,,,,,,,,,,,,,,,,,,,,,,,
product_310c780a-a448-d60b-5083-9b4b12c90c0d,Variant,,,,,,,,10.75,true,,,InStock,1.0,,,,Light,,,Ground,,,16 oz,,,,,,,,,,,,,,,,,,,,,,,,,,,,
product_310c780a-a448-d60b-5083-9b4b12c90c0d,Variant,,,,,,,,10.75,true,,,InStock,1.0,,,,Medium,,,Whole Bean,,,16 oz,,,,,,,,,,,,,,,,,,,,,,,,,,,,
product_310c780a-a448-d60b-5083-9b4b12c90c0d,Variant,,,,,,,,10.75,true,,,InStock,1.0,,,,Medium,,,Ground,,,16 oz,,,,,,,,,,,,,,,,,,,,,,,,,,,,
product_310c780a-a448-d60b-5083-9b4b12c90c0d,Variant,,,,,,,,10.75,true,,,InStock,1.0,,,,Vader (Dark - Perfect for espresso),,,Whole Bean,,,16 oz,,,,,,,,,,,,,,,,,,,,,,,,,,,,
product_310c780a-a448-d60b-5083-9b4b12c90c0d,Variant,,,,,,,,10.75,true,,,InStock,1.0,,,,Vader (Dark - Perfect for espresso),,,Ground,,,16 oz,,,,,,,,,,,,,,,,,,,,,,,,,,,,
product_310c780a-a448-d60b-5083-9b4b12c90c0d,Variant,,,,,,,,110.0,true,,,InStock,5.0,,,,Light,,,Whole Bean,,,5 lbs (11%Savings),,,,,,,,,,,,,,,,,,,,,,,,,,,,
product_310c780a-a448-d60b-5083-9b4b12c90c0d,Variant,,,,,,,,,false,,,InStock,,,,,Light,,,Ground,,,5 lbs (11%Savings),,,,,,,,,,,,,,,,,,,,,,,,,,,,
product_310c780a-a448-d60b-5083-9b4b12c90c0d,Variant,,,,,,,,110.0,true,,,InStock,5.0,,,,Medium,,,Whole Bean,,,5 lbs (11%Savings),,,,,,,,,,,,,,,,,,,,,,,,,,,,
product_310c780a-a448-d60b-5083-9b4b12c90c0d,Variant,,,,,,,,,false,,,InStock,,,,,Medium,,,Ground,,,5 lbs (11%Savings),,,,,,,,,,,,,,,,,,,,,,,,,,,,
product_310c780a-a448-d60b-5083-9b4b12c90c0d,Variant,,,,,,,,110.0,true,,,InStock,5.0,,,,Vader (Dark - Perfect for espresso),,,Whole Bean,,,5 lbs (11%Savings),,,,,,,,,,,,,,,,,,,,,,,,,,,,
product_310c780a-a448-d60b-5083-9b4b12c90c0d,Variant,,,,,,,,,false,,,InStock,,,,,Vader (Dark - Perfect for espresso),,,Ground,,,5 lbs (11%Savings),,,,,,,,,,,,,,,,,,,,,,,,,,,,
